timestamp,tide_ft
2025-07-30 16:00,3.908
2025-07-30 17:00,3.272
2025-07-31 06:00,2.058
2025-07-31 07:00,1.861
2025-07-31 08:00,1.917
2025-07-31 09:00,2.202
2025-07-31 10:00,2.609
2025-07-31 11:00,2.973
2025-07-31 12:00,3.596
2025-07-31 13:00,4.167
2025-08-01 06:00,2.396
2025-08-01 07:00,2.428
2025-08-01 08:00,2.192
2025-08-01 09:00,2.363
2025-08-01 10:00,2.563
2025-08-01 11:00,2.891
2025-08-01 12:00,3.396
2025-08-01 13:00,3.780
2025-08-01 14:00,4.184
2025-08-01 15:00,4.505
2025-08-01 16:00,4.518
2025-08-01 18:00,3.941
2025-08-02 06:00,2.678
2025-08-02 07:00,2.747
2025-08-02 08:00,2.658
2025-08-02 09:00,2.734
2025-08-02 10:00,2.737
2025-08-02 11:00,3.019
2025-08-02 12:00,3.301
2025-08-02 13:00,3.669
2025-08-02 14:00,3.997
2025-08-02 15:00,4.433
2025-08-02 16:00,4.617
2025-08-02 18:00,4.479
2025-08-03 06:00,2.816
2025-08-03 07:00,2.989
2025-08-03 08:00,3.088
2025-08-03 09:00,3.134
2025-08-03 10:00,3.052
2025-08-03 11:00,3.065
2025-08-03 12:00,3.268
2025-08-03 13:00,3.429
2025-08-03 14:00,3.872
2025-08-03 15:00,4.239
2025-08-03 16:00,4.650
2025-08-03 18:00,5.040
2025-08-04 06:00,2.576
2025-08-04 07:00,3.039
2025-08-04 08:00,3.327
2025-08-04 09:00,3.347
2025-08-04 10:00,3.268
2025-08-04 11:00,3.127
2025-08-04 12:00,3.124
2025-08-04 13:00,3.216
2025-08-04 14:00,3.521
2025-08-04 15:00,4.003
2025-08-04 16:00,4.554
2025-08-04 18:00,5.440
2025-08-04 19:00,5.457
2025-08-05 06:00,2.353
2025-08-05 07:00,2.976
2025-08-05 08:00,3.482
2025-08-05 09:00,3.616
2025-08-05 10:00,3.482
2025-08-05 11:00,3.265
2025-08-05 12:00,3.039
2025-08-05 13:00,2.921
2025-08-05 14:00,3.111
2025-08-05 15:00,3.524
2025-08-05 16:00,4.128
2025-08-05 18:00,5.466
2025-08-06 08:00,3.432
2025-08-06 09:00,3.797
2025-08-06 10:00,3.718
2025-08-06 11:00,3.508
2025-08-06 12:00,3.140
2025-08-06 13:00,2.839
2025-08-06 14:00,2.806
2025-08-06 15:00,3.055
2025-08-06 16:00,3.678
2025-08-06 18:00,5.257
2025-08-07 06:00,1.392
2025-08-07 07:00,2.415
2025-08-07 08:00,3.308
2025-08-07 09:00,3.862
2025-08-07 10:00,3.938
2025-08-07 11:00,3.787
2025-08-07 12:00,3.298
2025-08-07 13:00,2.848
2025-08-07 14:00,2.547
2025-08-07 15:00,2.668
2025-08-07 16:00,3.173
2025-08-07 18:00,4.925
2025-08-08 06:00,0.834
2025-08-08 07:00,1.979
2025-08-08 08:00,3.071
2025-08-08 09:00,3.783
2025-08-08 10:00,4.059
2025-08-08 11:00,3.918
2025-08-08 12:00,3.468
2025-08-08 13:00,2.819
2025-08-08 14:00,2.333
2025-08-08 15:00,2.150
2025-08-08 16:00,2.484
2025-08-08 18:00,4.161
2025-08-09 06:00,0.368
2025-08-09 07:00,1.493
2025-08-09 08:00,2.674
2025-08-09 09:00,3.701
2025-08-09 10:00,4.233
2025-08-09 11:00,4.246
2025-08-09 12:00,3.820
2025-08-09 13:00,3.094
2025-08-09 14:00,2.419
2025-08-09 15:00,2.038
2025-08-09 16:00,1.936
2025-08-09 18:00,3.272
2025-08-10 06:00,0.027
2025-08-10 07:00,0.985
2025-08-10 08:00,2.218
2025-08-10 09:00,3.409
2025-08-10 10:00,4.154
2025-08-10 11:00,4.528
2025-08-10 12:00,4.325
2025-08-10 13:00,3.659
2025-08-10 14:00,2.816
2025-08-10 15:00,2.038
2025-08-10 16:00,1.595
2025-08-10 18:00,2.343
2025-08-11 06:00,-0.013
2025-08-11 08:00,1.894
2025-08-11 09:00,3.222
2025-08-11 10:00,4.197
2025-08-11 11:00,4.741
2025-08-11 12:00,4.791
2025-08-11 13:00,4.354
2025-08-11 14:00,3.524
2025-08-11 15:00,2.612
2025-08-11 16:00,1.858
2025-08-11 18:00,1.726
2025-08-12 06:00,0.325
2025-08-12 07:00,0.775
2025-08-12 10:00,4.089
2025-08-12 11:00,4.892
2025-08-12 12:00,5.289
2025-08-12 13:00,5.033
2025-08-12 14:00,4.381
2025-08-12 15:00,3.432
2025-08-12 16:00,2.530
2025-08-12 18:00,1.539
2025-08-13 06:00,0.949
2025-08-13 07:00,1.129
2025-08-13 08:00,1.703
2025-08-13 09:00,2.701
2025-08-13 10:00,3.754
2025-08-13 11:00,4.682
2025-08-13 12:00,5.329
2025-08-13 13:00,5.473
2025-08-13 14:00,5.050
2025-08-13 15:00,4.338
2025-08-13 16:00,3.298
2025-08-13 18:00,1.723
2025-08-14 06:00,1.667
2025-08-14 07:00,1.552
2025-08-14 08:00,1.877
2025-08-14 09:00,2.573
2025-08-14 10:00,3.439
2025-08-14 11:00,4.354
2025-08-14 12:00,5.106
2025-08-14 13:00,5.516
2025-08-14 14:00,5.483
2025-08-14 15:00,5.043
2025-08-14 16:00,4.262
2025-08-14 18:00,2.435
2025-08-15 06:00,2.389
2025-08-15 07:00,2.182
2025-08-15 08:00,2.225
2025-08-15 09:00,2.586
2025-08-15 10:00,3.203
2025-08-15 11:00,3.918
2025-08-15 12:00,4.633
2025-08-15 13:00,5.270
2025-08-15 14:00,5.608
2025-08-15 15:00,5.585
2025-08-15 16:00,5.125
2025-08-15 18:00,3.577
2025-08-16 06:00,2.976
2025-08-16 07:00,2.865
2025-08-16 08:00,2.763
2025-08-16 09:00,2.884
2025-08-16 10:00,3.022
2025-08-16 11:00,3.462
2025-08-16 12:00,4.036
2025-08-16 13:00,4.673
2025-08-16 14:00,5.191
2025-08-16 15:00,5.558
2025-08-16 16:00,5.591
2025-08-16 18:00,4.591
2025-08-17 06:00,3.186
2025-08-17 07:00,3.390
2025-08-17 08:00,3.409
2025-08-17 09:00,3.236
2025-08-17 10:00,3.196
2025-08-17 11:00,3.209
2025-08-17 13:00,4.007
2025-08-17 14:00,4.604
2025-08-17 15:00,5.224
2025-08-17 16:00,5.617
2025-08-17 18:00,5.519
2025-08-18 06:00,3.193
2025-08-18 07:00,3.606
2025-08-18 08:00,3.790
2025-08-18 09:00,3.688
2025-08-18 10:00,3.403
2025-08-18 11:00,3.180
2025-08-18 12:00,3.104
2025-08-18 13:00,3.242
2025-08-18 14:00,3.734
2025-08-18 15:00,4.436
2025-08-18 16:00,5.165
2025-08-18 18:00,6.011
2025-08-19 06:00,2.760
2025-08-19 07:00,3.528
2025-08-19 08:00,3.938
2025-08-19 09:00,4.007
2025-08-19 10:00,3.777
2025-08-19 11:00,3.370
2025-08-21 06:00,1.677
2025-08-21 07:00,2.865
2025-08-21 09:00,4.505
2025-08-21 10:00,4.515
2025-08-21 11:00,4.141
2025-08-21 12:00,3.400
2025-08-21 13:00,2.753
2025-08-21 14:00,2.284
2025-08-21 15:00,2.179
2025-08-21 16:00,2.704
2025-08-21 18:00,4.722
2025-08-22 06:00,1.116
2025-08-22 07:00,2.468
2025-08-22 08:00,3.639
2025-08-22 09:00,4.482
2025-08-22 10:00,4.715
2025-08-22 11:00,4.489
2025-08-22 12:00,3.846
2025-08-22 13:00,2.944
2025-08-22 14:00,2.241
2025-08-22 15:00,1.953
2025-08-22 16:00,1.986
2025-08-22 18:00,3.741
2025-08-23 06:00,0.637
2025-08-23 07:00,1.890
2025-08-23 08:00,3.170
2025-08-23 09:00,4.105
2025-08-23 10:00,4.732
2025-08-23 11:00,4.837
2025-08-23 12:00,4.226
2025-08-23 13:00,3.354
2025-08-23 14:00,2.501
2025-08-23 15:00,1.867
2025-08-23 16:00,1.671
2025-08-23 18:00,2.770
2025-08-24 06:00,0.621
2025-08-24 07:00,1.575
2025-08-24 08:00,2.832
2025-08-24 09:00,3.987
2025-08-24 10:00,4.709
2025-08-24 11:00,4.853
2025-08-24 12:00,4.581
2025-08-24 13:00,3.905
2025-08-24 14:00,2.921
2025-08-24 15:00,2.100
2025-08-24 16:00,1.608
2025-08-24 18:00,2.031
2025-08-25 06:00,0.781
2025-08-25 07:00,1.447
2025-08-25 08:00,2.606
2025-08-25 09:00,3.715
2025-08-25 10:00,4.574
2025-08-25 11:00,4.974
2025-08-25 12:00,4.869
2025-08-25 13:00,4.308
2025-08-25 14:00,3.436
2025-08-25 15:00,2.566
2025-08-28 06:00,1.881
2025-08-28 07:00,2.054
2025-08-28 08:00,2.540
2025-08-28 09:00,3.196
2025-08-28 10:00,3.875
2025-08-28 11:00,4.443
2025-08-28 12:00,4.787
2025-08-28 13:00,4.843
2025-08-28 14:00,4.512
2025-08-28 15:00,4.066
2025-08-28 16:00,3.327
2025-08-28 18:00,2.150
2025-08-29 06:00,2.514
2025-08-29 07:00,2.579
2025-08-29 08:00,2.839
2025-08-29 09:00,3.318
2025-08-29 10:00,3.849
2025-08-29 11:00,4.407
2025-08-29 12:00,4.732
2025-08-29 13:00,4.794
2025-08-29 14:00,4.728
2025-08-29 15:00,4.443
2025-08-29 16:00,3.915
2025-08-29 18:00,2.760
2025-08-29 19:00,2.232
2025-08-30 06:00,2.858
2025-08-30 07:00,2.937
2025-08-30 08:00,3.029
2025-08-30 09:00,3.360
2025-08-30 10:00,3.724
2025-08-30 11:00,4.089
2025-08-30 12:00,4.495
2025-08-30 13:00,4.686
2025-08-30 14:00,4.764
2025-08-30 15:00,4.722
2025-08-30 16:00,4.482
2025-08-30 18:00,3.472
2025-08-31 06:00,3.150
2025-08-31 07:00,3.275
2025-08-31 08:00,3.442
2025-08-31 10:00,3.790
2025-08-31 11:00,3.895
2025-08-31 12:00,4.167
2025-08-31 13:00,4.449
2025-08-31 14:00,4.732
2025-08-31 15:00,4.843
2025-08-31 16:00,4.840
2025-08-31 18:00,4.243
2025-09-01 06:00,3.249
2025-09-01 07:00,3.505
2025-09-01 08:00,3.610
2025-09-01 10:00,3.665
2025-09-01 11:00,3.672
2025-09-01 12:00,3.767
2025-09-01 13:00,3.993
2025-09-01 14:00,4.312
2025-09-01 15:00,4.554
2025-09-01 16:00,4.843
2025-09-01 18:00,4.814
2025-09-02 06:00,3.173
2025-09-02 07:00,3.570
2025-09-02 08:00,3.744
2025-09-02 09:00,3.783
2025-09-02 10:00,3.616
2025-09-02 11:00,3.482
2025-09-02 12:00,3.429
2025-09-02 13:00,3.501
2025-09-02 14:00,3.760
2025-09-02 15:00,4.180
2025-09-02 16:00,4.673
2025-09-02 18:00,5.247
2025-09-02 19:00,5.099
2025-09-03 06:00,2.940
2025-09-03 07:00,3.587
2025-09-03 08:00,3.911
2025-09-03 09:00,3.928
2025-09-03 10:00,3.724
2025-09-03 11:00,3.383
2025-09-03 12:00,3.137
2025-09-03 13:00,2.996
2025-09-03 14:00,3.147
2025-09-03 15:00,3.633
2025-09-03 16:00,4.331
2025-09-03 18:00,5.503
2025-09-03 19:00,5.647
2025-09-04 06:00,2.668
2025-09-04 07:00,3.491
2025-09-04 08:00,4.056
2025-09-04 09:00,4.200
2025-09-04 10:00,3.954
2025-09-04 11:00,3.468
2025-09-04 12:00,2.950
2025-09-04 13:00,2.619
2025-09-04 14:00,2.629
2025-09-04 15:00,3.058
2025-09-04 16:00,3.760
2025-09-04 18:00,5.355
2025-09-04 19:00,5.909
2025-09-05 06:00,2.409
2025-09-05 07:00,3.423
2025-09-05 08:00,4.213
2025-09-05 09:00,4.538
2025-09-05 10:00,4.239
2025-09-05 11:00,3.731
2025-09-05 12:00,3.003
2025-09-05 13:00,2.379
2025-09-05 14:00,2.117
2025-09-05 15:00,2.284
2025-09-05 16:00,2.966
2025-09-05 18:00,5.020
2025-09-05 19:00,5.939
2025-09-06 06:00,1.943
2025-09-06 07:00,3.196
2025-09-06 08:00,4.167
2025-09-06 09:00,4.636
2025-09-06 10:00,4.597
2025-09-06 11:00,4.039
2025-09-06 12:00,3.170
2025-09-06 13:00,2.268
2025-09-06 14:00,1.671
2025-09-06 15:00,1.507
2025-09-06 16:00,1.920
2025-09-06 18:00,3.954
2025-09-07 06:00,1.398
2025-09-07 07:00,2.816
2025-09-07 08:00,4.062
2025-09-07 09:00,4.866
2025-09-07 10:00,5.119
2025-09-07 11:00,4.663
2025-09-07 12:00,3.744
2025-09-07 13:00,2.602
2025-09-07 14:00,1.628
2025-09-07 15:00,1.159
2025-09-07 16:00,1.198
2025-09-07 18:00,2.842
2025-09-08 06:00,1.119
2025-09-08 07:00,2.517
2025-09-08 08:00,3.941
2025-09-08 09:00,5.020
2025-09-08 10:00,5.552
2025-09-08 11:00,5.378
2025-09-08 12:00,4.554
2025-09-08 13:00,3.321
2025-09-08 14:00,2.150
2025-09-08 15:00,1.264
2025-09-08 16:00,0.768
2025-09-08 18:00,1.726
2025-09-09 06:00,1.070
2025-09-09 07:00,2.192
2025-09-09 08:00,3.600
2025-09-09 09:00,4.883
2025-09-09 10:00,5.719
2025-09-09 11:00,5.942
2025-09-09 12:00,5.371
2025-09-09 13:00,4.387
2025-09-09 14:00,3.058
2025-09-09 15:00,1.762
2025-09-09 16:00,0.962
2025-09-09 18:00,0.955
2025-09-10 13:00,5.181
2025-09-10 14:00,3.970
2025-09-10 15:00,2.661
2025-09-10 16:00,1.434
2025-09-10 18:00,0.417
2025-09-10 19:00,0.749
2025-09-11 06:00,1.595
2025-09-11 07:00,2.113
2025-09-11 08:00,2.924
2025-09-11 09:00,4.043
2025-09-11 10:00,5.043
2025-09-11 11:00,5.716
2025-09-11 12:00,5.919
2025-09-11 13:00,5.604
2025-09-11 14:00,4.787
2025-09-11 15:00,3.672
2025-09-11 16:00,2.468
2025-09-11 18:00,0.696
2025-09-11 19:00,0.552
2025-09-12 06:00,2.094
2025-09-12 07:00,2.300
2025-09-12 08:00,2.839
2025-09-12 09:00,3.642
2025-09-12 10:00,4.456
2025-09-12 11:00,5.214
2025-09-12 12:00,5.680
2025-09-12 13:00,5.693
2025-09-12 14:00,5.348
2025-09-12 15:00,4.643
2025-09-12 16:00,3.610
2025-09-12 18:00,1.575
2025-09-12 19:00,0.919
2025-09-13 06:00,2.802
2025-09-13 07:00,2.789
2025-09-13 08:00,2.950
2025-09-13 09:00,3.363
2025-09-13 10:00,3.879
2025-09-13 11:00,4.505
2025-09-13 12:00,5.033
2025-09-13 13:00,5.309
2025-09-13 14:00,5.421
2025-09-13 15:00,5.178
2025-09-13 16:00,4.584
2025-09-13 18:00,2.914
2025-09-14 06:00,3.255
2025-09-14 07:00,3.278
2025-09-14 08:00,3.337
2025-09-14 09:00,3.370
2025-09-14 10:00,3.583
2025-09-14 11:00,3.872
2025-09-14 12:00,4.305
2025-09-14 13:00,4.755
2025-09-14 14:00,5.066
2025-09-14 15:00,5.283
2025-09-14 16:00,5.280
2025-09-14 18:00,4.236
2025-09-15 06:00,3.616
2025-09-15 07:00,3.829
2025-09-15 08:00,3.787
2025-09-15 09:00,3.672
2025-09-15 10:00,3.452
2025-09-15 11:00,3.367
2025-09-15 12:00,3.531
2025-09-15 13:00,3.888
2025-09-15 14:00,4.351
2025-09-15 15:00,4.863
2025-09-15 16:00,5.270
2025-09-15 18:00,5.227
2025-09-15 19:00,4.584
2025-09-16 06:00,3.692
2025-09-16 07:00,4.098
2025-09-16 08:00,4.092
2025-09-16 09:00,3.928
2025-09-16 10:00,3.491
2025-09-16 11:00,3.121
2025-09-16 12:00,2.983
2025-09-16 13:00,3.003
2025-09-16 14:00,3.432
2025-09-16 15:00,4.085
2025-09-16 16:00,4.866
2025-09-16 18:00,5.722
2025-09-16 19:00,5.562
2025-09-17 06:00,3.514
2025-09-17 07:00,4.197
2025-09-17 08:00,4.528
2025-09-17 09:00,4.292
2025-09-17 10:00,3.852
2025-09-17 11:00,3.255
2025-09-17 12:00,2.753
2025-09-17 13:00,2.419
2025-09-17 14:00,2.540
2025-09-17 15:00,3.108
2025-09-17 16:00,3.928
2025-09-17 18:00,5.499
2025-09-17 19:00,5.942
2025-09-18 06:00,3.206
2025-09-18 07:00,4.190
2025-09-18 08:00,4.741
2025-09-18 09:00,4.748
2025-09-18 10:00,4.338
2025-09-18 11:00,3.593
2025-09-18 12:00,2.835
2025-09-18 13:00,2.218
2025-09-18 14:00,2.051
2025-09-18 15:00,2.412
2025-09-18 16:00,3.140
2025-09-18 18:00,5.152
2025-09-18 19:00,5.903
2025-09-19 06:00,2.858
2025-09-19 07:00,3.997
2025-09-19 08:00,4.837
2025-09-19 09:00,5.043
2025-09-19 10:00,4.715
2025-09-19 11:00,3.941
2025-09-19 12:00,2.986
2025-09-19 13:00,2.166
2025-09-19 14:00,1.684
2025-09-19 15:00,1.657
2025-09-19 16:00,2.186
2025-09-19 18:00,4.318
2025-09-19 19:00,5.375
2025-09-20 06:00,2.399
2025-09-20 07:00,3.692
2025-09-20 08:00,4.718
2025-09-20 09:00,5.240
2025-09-20 10:00,5.142
2025-09-20 11:00,4.512
2025-09-20 12:00,3.462
2025-09-20 13:00,2.402
2025-09-20 14:00,1.589
2025-09-20 15:00,1.211
2025-09-20 16:00,1.447
2025-09-20 18:00,3.291
2025-09-21 06:00,2.268
2025-09-21 07:00,3.495
2025-09-21 08:00,4.604
2025-09-21 09:00,5.312
2025-09-21 10:00,5.398
2025-09-21 11:00,4.889
2025-09-21 12:00,3.967
2025-09-21 13:00,2.802
2025-09-21 14:00,1.818
2025-09-21 15:00,1.208
2025-09-21 16:00,1.073
2025-09-21 18:00,2.392
2025-09-22 06:00,2.097
2025-09-22 07:00,3.249
2025-09-22 08:00,4.423
2025-09-22 09:00,5.171
2025-09-22 10:00,5.499
2025-09-22 11:00,5.283
2025-09-22 12:00,4.466
2025-09-22 13:00,3.386
2025-09-22 14:00,2.225
2025-09-22 15:00,1.333
2025-09-22 16:00,0.860
2025-09-22 18:00,1.661
2025-09-22 19:00,2.638
2025-09-23 06:00,2.176
2025-09-23 07:00,3.157
2025-09-23 08:00,4.266
2025-09-23 09:00,5.125
2025-09-23 10:00,5.608
2025-09-23 11:00,5.588
2025-09-23 12:00,4.925
2025-09-23 13:00,3.931
2025-09-23 14:00,2.780
2025-09-23 15:00,1.707
2025-09-23 16:00,1.021
2025-09-23 18:00,1.159
2025-09-23 19:00,1.976
2025-09-24 06:00,2.179
2025-09-24 07:00,2.944
2025-09-24 08:00,3.957
2025-09-24 09:00,4.833
2025-09-24 10:00,5.371
2025-09-24 11:00,5.562
2025-09-24 12:00,5.204
2025-09-24 13:00,4.331
2025-09-24 14:00,3.344
2025-09-24 15:00,2.199
2025-09-24 16:00,1.346
2025-09-24 18:00,0.893
2025-09-25 06:00,2.435
2025-09-25 07:00,3.032
2025-09-25 08:00,3.797
2025-09-25 09:00,4.627
2025-09-25 10:00,5.220
2025-09-25 11:00,5.503
2025-09-25 12:00,5.299
2025-09-25 13:00,4.718
2025-09-25 14:00,3.846
2025-09-25 15:00,2.822
2025-09-25 16:00,1.854
2025-09-25 18:00,0.962
2025-09-25 19:00,1.126
2025-09-26 06:00,2.645
2025-09-26 07:00,3.088
2025-09-26 08:00,3.741
2025-09-26 09:00,4.466
2025-09-26 10:00,5.076
2025-09-26 11:00,5.348
2025-09-26 12:00,5.332
2025-09-26 13:00,4.988
2025-09-26 14:00,4.315
2025-09-26 15:00,3.501
2025-09-26 16:00,2.606
2025-09-26 18:00,1.333
2025-09-26 19:00,1.182
2025-09-27 06:00,2.921
2025-09-27 07:00,3.154
2025-09-27 08:00,3.639
2025-09-27 09:00,4.203
2025-09-27 10:00,4.745
2025-09-27 11:00,5.060
2025-09-27 12:00,5.161
2025-09-27 13:00,5.001
2025-09-27 14:00,4.558
2025-09-27 15:00,3.980
2025-09-27 16:00,3.226
2025-09-27 18:00,1.972
2025-09-28 06:00,3.071
2025-09-28 07:00,3.239
2025-09-28 08:00,3.449
2025-09-28 09:00,3.833
2025-09-28 10:00,4.239
2025-09-28 11:00,4.577
2025-09-28 12:00,4.709
2025-09-28 13:00,4.751
2025-09-28 14:00,4.574
2025-09-28 15:00,4.285
2025-09-28 16:00,3.734
2025-09-28 18:00,2.537
2025-09-29 06:00,3.232
2025-09-29 07:00,3.327
2025-09-29 08:00,3.521
2025-09-29 09:00,3.662
2025-09-29 10:00,3.961
2025-09-29 11:00,4.148
2025-09-29 12:00,4.318
2025-09-29 13:00,4.449
2025-09-29 14:00,4.574
2025-09-29 15:00,4.551
2025-09-29 16:00,4.262
2025-09-29 18:00,3.416
2025-09-29 19:00,2.773
2025-09-30 06:00,3.468
2025-09-30 07:00,3.652
2025-09-30 08:00,3.731
2025-09-30 09:00,3.705
2025-09-30 10:00,3.715
2025-09-30 11:00,3.708
2025-09-30 12:00,3.823
2025-09-30 13:00,3.970
2025-10-01 11:00,3.295
2025-10-01 12:00,3.255
2025-10-01 13:00,3.423
2025-10-01 14:00,3.711
2025-10-01 15:00,4.157
2025-10-01 16:00,4.568
2025-10-01 18:00,4.781
2025-10-01 19:00,4.479
2025-10-02 06:00,3.659
2025-10-02 07:00,4.056
2025-10-02 08:00,4.174
2025-10-02 09:00,3.892
2025-10-02 10:00,3.452
2025-10-02 11:00,3.012
2025-10-02 12:00,2.766
2025-10-02 13:00,2.661
2025-10-02 14:00,2.914
2025-10-02 15:00,3.478
2025-10-02 16:00,4.148
2025-10-02 18:00,5.152
2025-10-02 19:00,5.096
2025-10-03 06:00,3.695
2025-10-03 07:00,4.315
2025-10-03 08:00,4.469
2025-10-03 09:00,4.239
2025-10-03 10:00,3.541
2025-10-03 11:00,2.898
2025-10-03 12:00,2.320
2025-10-03 13:00,1.946
2025-10-03 14:00,2.117
2025-10-03 15:00,2.629
2025-10-03 16:00,3.462
2025-10-03 18:00,5.161
2025-10-03 19:00,5.549
2025-10-04 06:00,3.573
2025-10-04 07:00,4.508
2025-10-04 08:00,4.889
2025-10-04 09:00,4.738
2025-10-04 10:00,4.098
2025-10-04 11:00,3.173
2025-10-04 12:00,2.215
2025-10-04 13:00,1.556
2025-10-04 14:00,1.323
2025-10-04 15:00,1.707
2025-10-04 16:00,2.455
2025-10-04 18:00,4.686
2025-10-05 06:00,3.613
2025-10-05 07:00,4.761
2025-10-05 08:00,5.489
2025-10-05 09:00,5.522
2025-10-05 10:00,4.961
2025-10-05 11:00,3.918
2025-10-05 12:00,2.635
2025-10-05 13:00,1.562
2025-10-05 14:00,0.883
2025-10-05 15:00,0.903
2025-10-05 16:00,1.415
2025-10-05 18:00,3.790
2025-10-06 06:00,3.419
2025-10-06 07:00,4.791
2025-10-06 08:00,5.847
2025-10-06 09:00,6.247
2025-10-06 10:00,5.827
2025-10-06 11:00,4.830
2025-10-06 12:00,3.449
2025-10-06 13:00,2.031
2025-10-06 14:00,0.890
2025-10-06 15:00,0.319
2025-10-06 16:00,0.466
2025-10-06 18:00,2.560
2025-10-06 19:00,3.921
2025-10-07 06:00,3.114
2025-10-07 07:00,4.574
2025-10-07 08:00,5.814
2025-10-07 09:00,6.533
2025-10-07 10:00,6.598
2025-10-07 11:00,5.768
2025-10-07 12:00,4.453
2025-10-07 13:00,2.793
2025-10-07 14:00,1.303
2025-10-07 15:00,0.250
2025-10-07 16:00,-0.131
2025-10-07 18:00,1.060
2025-10-07 19:00,2.402
2025-10-08 06:00,2.717
2025-10-08 07:00,4.033
2025-10-08 08:00,5.394
2025-10-08 09:00,6.382
2025-10-08 10:00,6.851
2025-10-08 11:00,6.500
2025-10-08 12:00,5.453
2025-10-08 13:00,3.872
2025-10-08 15:00,0.785
2025-10-08 16:00,-0.160
2025-10-08 18:00,0.020
2025-10-08 19:00,0.900
2025-10-09 06:00,2.478
2025-10-09 07:00,3.508
2025-10-09 08:00,4.725
2025-10-09 09:00,5.837
2025-10-09 10:00,6.628
2025-10-09 11:00,6.697
2025-10-09 12:00,6.100
2025-10-09 13:00,4.988
2025-10-09 14:00,3.413
2025-10-09 15:00,1.789
2025-10-09 16:00,0.506
2025-10-09 18:00,-0.465
2025-10-09 19:00,-0.035
2025-10-10 06:00,2.474
2025-10-10 07:00,3.144
2025-10-10 08:00,4.062
2025-10-10 09:00,5.089
2025-10-10 11:00,6.447
2025-10-10 12:00,6.336
2025-10-10 13:00,5.706
2025-10-10 14:00,4.561
2025-10-10 15:00,3.213
2025-10-10 16:00,1.894
2025-10-10 18:00,0.024
2025-10-10 19:00,-0.134
2025-10-11 06:00,2.852
2025-10-11 07:00,3.117
2025-10-11 08:00,3.698
2025-10-11 09:00,4.400
2025-10-11 10:00,5.220
2025-10-11 11:00,5.791
2025-10-11 12:00,6.106
2025-10-11 13:00,5.985
2025-10-11 14:00,5.368
2025-10-11 15:00,4.456
2025-10-11 16:00,3.308
2025-10-11 18:00,1.162
2025-10-12 06:00,3.383
2025-10-12 07:00,3.354
2025-10-12 08:00,3.613
2025-10-12 09:00,3.997
2025-10-12 10:00,4.505
2025-10-12 11:00,5.001
2025-10-12 12:00,5.424
2025-10-12 13:00,5.654
2025-10-12 14:00,5.565
2025-10-12 15:00,5.266
2025-10-12 16:00,4.561
2025-10-12 18:00,2.691
2025-10-13 06:00,4.049
2025-10-13 07:00,3.964
2025-10-13 08:00,3.865
2025-10-13 09:00,3.810
2025-10-13 10:00,3.924
2025-10-13 11:00,4.121
2025-10-13 12:00,4.492
2025-10-13 13:00,4.948
2025-10-13 14:00,5.227
2025-10-13 15:00,5.417
2025-10-13 16:00,5.204
2025-10-13 18:00,3.977
2025-10-13 19:00,3.068
2025-10-14 06:00,4.348
2025-10-14 07:00,4.315
2025-10-14 08:00,4.095
2025-10-14 09:00,3.777
2025-10-14 10:00,3.544
2025-10-14 11:00,3.347
2025-10-14 12:00,3.436
2025-10-14 13:00,3.806
2025-10-14 14:00,4.233
2025-10-14 15:00,4.797
2025-10-14 16:00,5.109
2025-10-14 18:00,4.850
2025-10-15 06:00,4.384
2025-10-15 07:00,4.564
2025-10-15 08:00,4.364
2025-10-15 09:00,3.944
2025-10-15 10:00,3.472
2025-10-15 11:00,3.009
2025-10-15 12:00,2.707
2025-10-15 13:00,2.799
2025-10-15 14:00,3.160
2025-10-15 15:00,3.806
2025-10-15 16:00,4.387
2025-10-15 18:00,5.102
2025-10-16 06:00,4.426
2025-10-16 07:00,4.830
2025-10-16 08:00,4.853
2025-10-16 09:00,4.436
2025-10-16 10:00,3.724
2025-10-16 11:00,2.937
2025-10-16 12:00,2.350
2025-10-16 13:00,2.120
2025-10-16 14:00,2.314
2025-10-16 15:00,2.868
2025-10-16 16:00,3.701
2025-10-16 18:00,5.086
2025-10-16 19:00,5.260
2025-10-17 06:00,4.321
2025-10-17 07:00,5.024
2025-10-17 08:00,5.168
2025-10-17 09:00,4.863
2025-10-17 10:00,4.089
2025-10-17 11:00,3.140
2025-10-17 12:00,2.346
2025-10-17 13:00,1.776
2025-10-17 14:00,1.569
2025-10-17 15:00,1.933
2025-10-17 16:00,2.684
2025-10-17 18:00,4.577
2025-10-17 19:00,5.112
2025-10-18 06:00,4.003
2025-10-18 07:00,4.915
2025-10-18 08:00,5.332
2025-10-18 09:00,5.106
2025-10-18 10:00,4.453
2025-10-18 11:00,3.459
2025-10-18 12:00,2.350
2025-10-18 13:00,1.510
2025-10-18 14:00,1.054
2025-10-18 15:00,1.123
2025-10-18 16:00,1.667
2025-10-18 18:00,3.649
2025-10-19 06:00,3.800
2025-10-19 07:00,4.787
2025-10-19 08:00,5.404
2025-10-19 09:00,5.362
2025-10-19 10:00,4.837
2025-10-19 11:00,3.905
2025-10-19 12:00,2.727
2025-10-19 13:00,1.598
2025-10-19 14:00,0.883
2025-10-19 15:00,0.631
2025-10-19 16:00,0.890
2025-10-19 18:00,2.734
2025-10-20 06:00,3.583
2025-10-20 07:00,4.669
2025-10-20 08:00,5.348
2025-10-20 09:00,5.581
2025-10-20 10:00,5.234
2025-10-20 11:00,4.318
2025-10-20 12:00,3.170
2025-10-20 13:00,1.881
2025-10-20 14:00,0.811
2025-10-20 15:00,0.289
2025-10-20 16:00,0.325
2025-10-20 18:00,1.864
2025-10-21 06:00,3.291
2025-10-21 07:00,4.364
2025-10-21 08:00,5.174
2025-10-21 09:00,5.676
2025-10-21 10:00,5.378
2025-10-21 11:00,4.810
2025-10-21 12:00,3.665
2025-10-21 13:00,2.399
2025-10-21 14:00,1.247
2025-10-21 15:00,0.371
2025-10-21 16:00,0.092
2025-10-21 18:00,1.044
2025-10-22 06:00,3.222
2025-10-22 07:00,4.161
2025-10-22 08:00,5.027
2025-10-22 09:00,5.535
2025-10-22 10:00,5.644
2025-10-22 11:00,5.135
2025-10-22 12:00,4.157
2025-10-22 13:00,2.924
2025-10-22 14:00,1.680
2025-10-22 15:00,0.670
2025-10-22 16:00,0.056
2025-10-22 18:00,0.450
2025-10-23 06:00,3.101
2025-10-23 07:00,3.915
2025-10-23 08:00,4.846
2025-10-23 09:00,5.430
2025-10-23 10:00,5.778
2025-10-23 11:00,5.424
2025-10-23 12:00,4.630
2025-10-23 13:00,3.665
2025-10-23 14:00,2.317
2025-10-23 15:00,1.133
2025-10-23 16:00,0.378
2025-10-23 18:00,0.197
2025-10-23 19:00,0.808
2025-10-24 06:00,3.042
2025-10-24 07:00,3.816
2025-10-24 08:00,4.528
2025-10-24 09:00,5.237
2025-10-24 10:00,5.594
2025-10-24 11:00,5.532
2025-10-24 12:00,4.955
2025-10-24 13:00,4.082
2025-10-24 14:00,2.960
2025-10-24 15:00,1.818
2025-10-24 16:00,0.893
2025-10-24 18:00,0.214
2025-10-25 06:00,3.104
2025-10-25 07:00,3.633
2025-10-25 08:00,4.187
2025-10-25 09:00,4.879
2025-10-25 10:00,5.312
2025-10-25 11:00,5.329
2025-10-25 12:00,5.073
2025-10-25 13:00,4.423
2025-10-25 14:00,3.534
2025-10-25 15:00,2.507
2025-10-25 16:00,1.605
2025-10-25 18:00,0.391
2025-10-26 06:00,3.055
2025-10-26 07:00,3.403
2025-10-26 08:00,3.938
2025-10-26 09:00,4.482
2025-10-26 10:00,4.827
2025-10-26 11:00,4.997
2025-10-26 12:00,4.942
2025-10-26 13:00,4.574
2025-10-26 14:00,3.908
2025-10-26 15:00,3.117
2025-10-26 16:00,2.261
2025-10-26 18:00,0.926
2025-10-27 06:00,3.131
2025-10-27 07:00,3.363
2025-10-27 08:00,3.685
2025-10-27 09:00,4.023
2025-10-27 10:00,4.354
2025-10-27 11:00,4.653
2025-10-27 12:00,4.741
2025-10-27 13:00,4.604
2025-10-27 14:00,4.325
2025-10-27 15:00,3.774
2025-10-27 16:00,3.176
2025-10-27 18:00,1.789
2025-10-28 06:00,3.472
2025-10-28 07:00,3.472
2025-10-28 08:00,3.655
2025-10-28 09:00,3.829
2025-10-28 10:00,3.944
2025-10-28 11:00,4.141
2025-10-28 12:00,4.367
2025-10-28 13:00,4.456
2025-10-28 14:00,4.417
2025-10-28 15:00,4.190
2025-10-28 16:00,3.767
2025-10-28 18:00,2.527
2025-10-29 06:00,3.619
2025-10-29 07:00,3.669
2025-10-29 08:00,3.537
2025-10-29 09:00,3.498
2025-10-29 10:00,3.550
2025-10-29 11:00,3.583
2025-10-29 12:00,3.718
2025-10-29 14:00,4.134
2025-10-29 15:00,4.233
2025-10-29 16:00,4.180
2025-10-29 18:00,3.491
2025-10-30 06:00,4.089
2025-10-30 07:00,4.082
2025-10-30 08:00,3.895
2025-10-30 09:00,3.583
2025-10-30 10:00,3.331
2025-10-30 11:00,3.098
2025-10-30 12:00,3.144
2025-10-30 13:00,3.291
2025-10-30 14:00,3.662
2025-10-30 15:00,3.987
2025-10-30 16:00,4.377
2025-10-30 18:00,4.213
2025-10-31 06:00,4.384
2025-10-31 07:00,4.482
2025-10-31 08:00,4.223
2025-10-31 09:00,3.708
2025-10-31 10:00,3.196
2025-10-31 11:00,2.645
2025-10-31 12:00,2.323
2025-10-31 13:00,2.386
2025-10-31 14:00,2.750
2025-10-31 15:00,3.304
2025-10-31 16:00,3.961
2025-10-31 18:00,4.643
2025-11-01 06:00,4.751
2025-11-01 07:00,4.965
2025-11-01 08:00,4.741
2025-11-01 09:00,4.138
2025-11-01 10:00,3.258
2025-11-01 11:00,2.438
2025-11-01 12:00,1.782
2025-11-01 13:00,1.533
2025-11-01 14:00,1.674
2025-11-01 15:00,2.264
2025-11-01 16:00,3.124
2025-11-01 18:00,4.528
2025-11-02 06:00,5.453
2025-11-02 07:00,5.342
2025-11-02 08:00,4.702
2025-11-02 09:00,3.751
2025-11-02 10:00,2.570
2025-11-02 11:00,1.536
2025-11-02 12:00,0.818
2025-11-02 13:00,0.631
2025-11-02 14:00,1.149
2025-11-02 15:00,2.002
2025-11-02 17:00,4.007
2025-11-02 19:00,4.722
2025-11-03 06:00,5.896
2025-11-03 07:00,6.073
2025-11-03 08:00,5.562
2025-11-03 09:00,4.528
2025-11-03 10:00,3.104
2025-11-03 11:00,1.654
2025-11-03 12:00,0.555
2025-11-03 13:00,-0.055
2025-11-03 14:00,0.020
2025-11-03 15:00,0.660
2025-11-03 17:00,3.019
2025-11-03 19:00,4.571
2025-11-04 06:00,6.008
2025-11-04 07:00,6.500
2025-11-04 08:00,6.388
2025-11-04 09:00,5.496
2025-11-04 10:00,4.079
2025-11-04 11:00,2.438
2025-11-04 12:00,0.906
2025-11-04 13:00,-0.272
2025-11-04 14:00,-0.780
2025-11-04 15:00,-0.547
2025-11-04 17:00,1.507
2025-11-04 19:00,3.800
2025-11-05 06:00,5.631
2025-11-05 07:00,6.497
2025-11-05 08:00,6.799
2025-11-05 09:00,6.369
2025-11-05 10:00,5.129
2025-11-05 11:00,3.380
2025-11-05 12:00,1.549
2025-11-05 13:00,0.004
2025-11-05 14:00,-1.075
2025-11-05 15:00,-1.394
2025-11-05 17:00,0.014
2025-11-05 19:00,2.609
2025-11-06 06:00,5.033
2025-11-06 07:00,6.205
2025-11-06 08:00,6.936
2025-11-06 09:00,6.907
2025-11-06 10:00,6.155
2025-11-06 11:00,4.741
2025-11-06 12:00,3.032
2025-11-06 13:00,1.208
2025-11-06 14:00,-0.262
2025-11-06 15:00,-1.190
2025-11-06 17:00,-0.872
2025-11-06 19:00,1.241
2025-11-07 06:00,4.338
2025-11-07 07:00,5.627
2025-11-07 08:00,6.549
2025-11-07 09:00,7.022
2025-11-07 10:00,6.838
2025-11-07 11:00,5.985
2025-11-07 12:00,4.600
2025-11-07 13:00,2.806
2025-11-07 14:00,1.178
2025-11-07 15:00,-0.121
2025-11-07 17:00,-1.053
2025-11-07 19:00,0.293
2025-11-08 06:00,3.806
2025-11-08 07:00,4.666
2025-11-08 08:00,5.634
2025-11-08 09:00,6.339
2025-11-08 10:00,6.598
2025-11-08 11:00,6.323
2025-11-08 12:00,5.453
2025-11-08 13:00,4.108
2025-11-08 14:00,2.589
2025-11-08 15:00,1.159
2025-11-08 17:00,-0.675
2025-11-08 19:00,-0.423
2025-11-09 06:00,3.232
2025-11-09 07:00,3.718
2025-11-09 08:00,4.453
2025-11-09 09:00,5.145
2025-11-09 10:00,5.683
2025-11-09 11:00,5.903
2025-11-09 12:00,5.627
2025-11-09 13:00,4.843
2025-11-09 14:00,3.793
2025-11-09 15:00,2.579
2025-11-09 17:00,0.240
2025-11-09 19:00,-0.393
2025-11-10 06:00,3.137
2025-11-10 07:00,3.341
2025-11-10 08:00,3.665
2025-11-10 09:00,4.105
2025-11-10 10:00,4.650
2025-11-10 11:00,5.079
2025-11-10 12:00,5.243
2025-11-10 13:00,5.115
2025-11-10 14:00,4.554
2025-11-10 15:00,3.747
2025-11-10 17:00,1.746
2025-11-10 19:00,0.201
2025-11-11 06:00,3.550
2025-11-11 07:00,3.357
2025-11-11 08:00,3.331
2025-11-11 09:00,3.429
2025-11-11 10:00,3.672
2025-11-11 11:00,3.980
2025-11-11 12:00,4.338
2025-11-11 13:00,4.646
2025-11-11 14:00,4.692
2025-11-11 15:00,4.358
2025-11-11 17:00,3.026
2025-11-11 19:00,1.192
2025-11-12 06:00,3.974
2025-11-12 07:00,3.600
2025-11-12 08:00,3.219
2025-11-12 09:00,2.957
2025-11-12 10:00,2.848
2025-11-12 11:00,2.999
2025-11-12 12:00,3.321
2025-11-12 13:00,3.721
2025-11-12 14:00,4.131
2025-11-12 15:00,4.387
2025-11-12 17:00,3.846
2025-11-12 19:00,2.307
2025-11-13 06:00,4.577
2025-11-13 07:00,4.082
2025-11-13 08:00,3.537
2025-11-13 09:00,2.927
2025-11-13 10:00,2.389
2025-11-13 11:00,2.241
2025-11-13 12:00,2.409
2025-11-13 13:00,2.678
2025-11-13 14:00,3.291
2025-11-13 15:00,3.852
2025-11-13 17:00,4.253
2025-11-13 19:00,3.154
2025-11-14 06:00,5.066
2025-11-14 07:00,4.627
2025-11-14 08:00,3.947
2025-11-14 09:00,3.108
2025-11-14 10:00,2.369
2025-11-14 11:00,1.867
2025-11-14 12:00,1.654
2025-11-14 13:00,1.802
2025-11-14 14:00,2.409
2025-11-14 15:00,3.104
2025-11-14 17:00,4.197
2025-11-14 19:00,3.757
2025-11-15 06:00,5.588
2025-11-15 07:00,5.444
2025-11-15 08:00,4.748
2025-11-15 09:00,3.711
2025-11-15 10:00,2.796
2025-11-15 11:00,1.956
2025-11-15 12:00,1.428
2025-11-15 13:00,1.356
2025-11-15 14:00,1.634
2025-11-15 15:00,2.343
2025-11-15 17:00,3.951
2025-11-15 19:00,4.299
2025-11-16 06:00,5.742
2025-11-16 07:00,5.680
2025-11-16 08:00,5.165
2025-11-16 09:00,4.197
2025-11-16 10:00,2.980
2025-11-16 11:00,1.900
2025-11-16 12:00,1.031
2025-11-16 13:00,0.673
2025-11-16 14:00,0.834
2025-11-16 15:00,1.441
2025-11-16 17:00,3.209
2025-11-16 19:00,4.233
2025-11-17 06:00,5.857
2025-11-17 07:00,6.008
2025-11-17 08:00,5.654
2025-11-17 09:00,4.846
2025-11-17 10:00,3.678
2025-11-17 11:00,2.360
2025-11-17 12:00,1.234
2025-11-17 13:00,0.581
2025-11-17 14:00,0.447
2025-11-17 15:00,0.775
2025-11-17 17:00,2.622
2025-11-17 19:00,4.092
2025-11-18 06:00,5.713
2025-11-18 07:00,6.090
2025-11-18 08:00,5.988
2025-11-18 09:00,5.273
2025-11-18 10:00,4.213
2025-11-18 11:00,2.852
2025-11-18 12:00,1.569
2025-11-18 14:00,0.066
2025-11-18 15:00,0.227
2025-11-18 17:00,1.792
2025-11-18 19:00,3.567
2025-11-19 06:00,5.414
2025-11-19 07:00,6.018
2025-11-19 08:00,6.149
2025-11-19 09:00,5.709
2025-11-19 11:00,3.462
2025-11-19 12:00,2.002
2025-11-19 13:00,0.821
2025-11-19 14:00,0.119
2025-11-19 15:00,-0.091
2025-11-19 17:00,1.080
2025-11-19 19:00,2.973
2025-11-20 06:00,5.214
2025-11-20 07:00,5.923
2025-11-20 08:00,6.149
2025-11-20 09:00,5.919
2025-11-20 10:00,5.240
2025-11-20 11:00,4.089
2025-11-20 12:00,2.652
2025-11-20 13:00,1.333
2025-11-20 14:00,0.283
2025-11-20 15:00,-0.177
2025-11-20 17:00,0.526
2025-11-20 19:00,2.363
2025-11-21 06:00,5.096
2025-11-21 07:00,5.775
2025-11-21 08:00,6.280
2025-11-21 09:00,6.277
2025-11-21 10:00,5.765
2025-11-21 11:00,4.732
2025-11-21 12:00,3.478
2025-11-21 13:00,2.130
2025-11-21 14:00,1.001
2025-11-21 15:00,0.197
2025-11-21 17:00,0.171
2025-11-21 19:00,1.749
2025-11-22 06:00,4.748
2025-11-22 07:00,5.562
2025-11-22 08:00,6.096
2025-11-22 09:00,6.290
2025-11-22 10:00,5.998
2025-11-22 11:00,5.243
2025-11-22 12:00,4.203
2025-11-22 13:00,2.953
2025-11-22 14:00,1.644
2025-11-22 15:00,0.693
2025-11-22 17:00,0.165
2025-11-22 19:00,1.297
2025-11-23 06:00,4.089
2025-11-23 07:00,4.800
2025-11-23 08:00,5.430
2025-11-23 09:00,5.772
2025-11-23 10:00,5.768
2025-11-23 11:00,5.388
2025-11-23 12:00,4.502
2025-11-23 13:00,3.416
2025-11-23 14:00,2.218
2025-11-23 15:00,1.070
2025-11-23 17:00,0.066
2025-11-23 19:00,0.660
2025-11-24 06:00,3.682
2025-11-24 07:00,4.243
2025-11-24 08:00,4.899
2025-11-24 09:00,5.309
2025-11-24 10:00,5.499
2025-11-24 11:00,5.345
2025-11-24 12:00,4.856
2025-11-24 13:00,4.036
2025-11-24 14:00,3.026
2025-11-24 15:00,1.972
2025-11-24 17:00,0.480
2025-11-24 19:00,0.453
2025-11-25 06:00,3.557
2025-11-25 07:00,3.924
2025-11-25 08:00,4.397
2025-11-25 09:00,4.827
2025-11-25 10:00,5.194
2025-11-25 11:00,5.280
2025-11-25 12:00,4.981
2025-11-25 13:00,4.492
2025-11-25 14:00,3.790
2025-11-25 15:00,2.862
2025-11-25 17:00,1.208
2025-11-25 19:00,0.549
2025-11-26 06:00,3.472
2025-11-26 07:00,3.567
2025-11-26 08:00,3.842
2025-11-26 09:00,4.171
2025-11-26 10:00,4.472
2025-11-26 11:00,4.758
2025-11-26 12:00,4.830
2025-11-26 13:00,4.617
2025-11-26 14:00,4.197
2025-11-26 15:00,3.619
2025-11-26 17:00,2.087
2025-11-26 19:00,0.946
2025-11-27 06:00,3.751
2025-11-27 07:00,3.573
2025-11-27 08:00,3.521
2025-11-27 09:00,3.626
2025-11-27 10:00,3.846
2025-11-27 11:00,4.043
2025-11-27 12:00,4.341
2025-11-27 13:00,4.505
2025-11-27 14:00,4.321
2025-11-27 15:00,4.043
2025-11-27 17:00,2.888
2025-11-27 19:00,1.513
2025-11-28 06:00,4.095
2025-11-28 07:00,3.665
2025-11-28 08:00,3.272
2025-11-28 09:00,3.065
2025-11-28 10:00,2.973
2025-11-28 11:00,3.058
2025-11-28 13:00,3.695
2025-11-28 14:00,3.964
2025-11-28 15:00,4.092
2025-11-28 17:00,3.528
2025-11-28 19:00,2.294
2025-11-29 06:00,4.623
2025-11-29 07:00,4.036
2025-11-29 08:00,3.396
2025-11-29 09:00,2.737
2025-11-29 10:00,2.409
2025-11-29 11:00,2.271
2025-11-29 12:00,2.337
2025-11-29 13:00,2.717
2025-11-29 14:00,3.275
2025-11-29 15:00,3.760
2025-11-29 17:00,4.098
2025-11-29 19:00,3.101
2025-11-30 06:00,5.391
2025-11-30 07:00,4.732
2025-11-30 08:00,3.872
2025-11-30 09:00,2.917
2025-11-30 10:00,2.015
2025-11-30 11:00,1.467
2025-11-30 12:00,1.352
2025-11-30 13:00,1.726
2025-11-30 14:00,2.369
2025-11-30 15:00,3.131
2025-11-30 17:00,4.184
2025-11-30 19:00,3.754
2025-12-01 06:00,6.195
2025-12-01 07:00,5.663
2025-12-01 08:00,4.633
2025-12-01 09:00,3.429
2025-12-01 10:00,2.199
2025-12-01 11:00,1.149
2025-12-01 12:00,0.621
2025-12-01 13:00,0.466
2025-12-01 14:00,1.008
2025-12-01 15:00,1.815
2025-12-01 17:00,3.675
2025-12-01 19:00,4.144
2025-12-02 06:00,6.802
2025-12-02 07:00,6.651
2025-12-02 08:00,5.778
2025-12-02 09:00,4.453
2025-12-02 10:00,2.884
2025-12-02 11:00,1.402
2025-12-02 12:00,0.240
2025-12-02 13:00,-0.239
2025-12-02 14:00,-0.117
2025-12-02 15:00,0.512
2025-12-02 17:00,2.688
2025-12-02 19:00,4.207
2025-12-03 06:00,7.097
2025-12-03 07:00,7.225
2025-12-03 08:00,6.792
2025-12-03 09:00,5.654
2025-12-03 10:00,3.984
2025-12-03 11:00,2.186
2025-12-03 12:00,0.631
2025-12-03 13:00,-0.547
2025-12-03 14:00,-1.007
2025-12-03 15:00,-0.777
2025-12-03 17:00,1.293
2025-12-03 19:00,3.488
2025-12-04 06:00,6.598
2025-12-04 07:00,7.255
2025-12-04 08:00,7.284
2025-12-04 09:00,6.493
2025-12-04 10:00,5.109
2025-12-04 11:00,3.272
2025-12-04 12:00,1.379
2025-12-04 13:00,-0.262
2025-12-04 14:00,-1.325
2025-12-04 15:00,-1.623
2025-12-04 17:00,-0.154
2025-12-04 19:00,2.356
2025-12-05 06:00,5.844
2025-12-05 07:00,6.861
2025-12-05 08:00,7.405
2025-12-05 09:00,7.245
2025-12-05 10:00,6.313
2025-12-05 11:00,4.896
2025-12-05 12:00,2.986
2025-12-05 13:00,1.070
2025-12-05 14:00,-0.478
2025-12-05 15:00,-1.387
2025-12-05 17:00,-1.046
2025-12-05 19:00,1.339
2025-12-06 06:00,4.804
2025-12-06 07:00,5.900
2025-12-06 08:00,6.877
2025-12-06 09:00,7.212
2025-12-06 10:00,6.940
2025-12-06 11:00,5.972
2025-12-06 12:00,4.351
2025-12-06 13:00,2.520
2025-12-06 14:00,0.791
2025-12-06 15:00,-0.564
2025-12-06 17:00,-1.341
2025-12-06 19:00,0.316
2025-12-07 06:00,3.708
2025-12-07 07:00,4.689
2025-12-07 08:00,5.762
2025-12-07 09:00,6.493
2025-12-07 10:00,6.730
2025-12-07 11:00,6.379
2025-12-07 12:00,5.404
2025-12-07 13:00,3.944
2025-12-07 14:00,2.300
2025-12-07 15:00,0.844
2025-12-07 17:00,-1.013
2025-12-07 19:00,-0.462
2025-12-08 06:00,3.026
2025-12-08 07:00,3.688
2025-12-08 08:00,4.528
2025-12-08 09:00,5.362
2025-12-08 10:00,5.968
2025-12-08 11:00,6.106
2025-12-08 12:00,5.781
2025-12-08 13:00,4.899
2025-12-08 14:00,3.573
2025-12-08 15:00,2.176
2025-12-08 17:00,-0.052
2025-12-08 19:00,-0.492
2025-12-09 06:00,2.871
2025-12-09 07:00,3.134
2025-12-09 08:00,3.596
2025-12-09 09:00,4.236
2025-12-09 10:00,4.889
2025-12-09 11:00,5.339
2025-12-09 12:00,5.476
2025-12-09 13:00,5.174
2025-12-09 14:00,4.407
2025-12-09 15:00,3.386
2025-12-09 17:00,1.238
2025-12-09 19:00,0.102
2025-12-10 06:00,3.229
2025-12-10 07:00,3.068
2025-12-10 08:00,3.124
2025-12-10 09:00,3.413
2025-12-10 10:00,3.790
2025-12-10 11:00,4.289
2025-12-10 12:00,4.604
2025-12-10 13:00,4.709
2025-12-10 14:00,4.463
2025-12-10 15:00,3.892
2025-12-10 17:00,2.196
2025-12-10 19:00,0.827
2025-12-11 06:00,3.711
2025-12-11 07:00,3.252
2025-12-11 08:00,2.904
2025-12-11 09:00,2.825
2025-12-11 10:00,2.868
2025-12-11 11:00,3.213
2025-12-11 12:00,3.541
2025-12-11 13:00,3.911
2025-12-11 14:00,4.112
2025-12-11 15:00,4.043
2025-12-11 17:00,3.075
2025-12-11 19:00,1.723
2025-12-12 06:00,4.305
2025-12-12 07:00,3.718
2025-12-12 08:00,3.114
2025-12-12 09:00,2.629
2025-12-12 10:00,2.343
2025-12-12 11:00,2.261
2025-12-12 12:00,2.507
2025-12-12 13:00,2.898
2025-12-12 14:00,3.288
2025-12-12 15:00,3.524
2025-12-12 17:00,3.423
2025-12-12 19:00,2.583
2025-12-13 06:00,4.843
2025-12-13 07:00,4.197
2025-12-13 08:00,3.429
2025-12-13 09:00,2.635
2025-12-13 10:00,2.071
2025-12-13 11:00,1.667
2025-12-13 12:00,1.598
2025-12-13 13:00,1.867
2025-12-13 14:00,2.268
2025-12-13 15:00,2.809
2025-12-13 17:00,3.455
2025-12-13 19:00,3.091
2025-12-14 06:00,5.293
2025-12-14 07:00,4.833
2025-12-14 08:00,3.977
2025-12-14 09:00,3.081
2025-12-14 10:00,2.146
2025-12-14 11:00,1.408
2025-12-14 12:00,1.037
2025-12-14 13:00,1.047
2025-12-14 14:00,1.372
2025-12-14 15:00,1.920
2025-12-14 17:00,3.150
2025-12-14 19:00,3.347
2025-12-15 06:00,5.545
2025-12-15 07:00,5.266
2025-12-15 08:00,4.518
2025-12-15 09:00,3.524
2025-12-15 10:00,2.373
2025-12-15 11:00,1.398
2025-12-15 12:00,0.667
2025-12-15 13:00,0.381
2025-12-15 14:00,0.542
2025-12-15 15:00,1.044
2025-12-15 17:00,2.547
2025-12-15 19:00,3.377
2025-12-16 06:00,5.758
2025-12-16 07:00,5.686
2025-12-16 08:00,5.066
2025-12-16 09:00,4.095
2025-12-16 10:00,2.976
2025-12-16 11:00,1.818
2025-12-16 12:00,0.827
2025-12-16 13:00,0.207
2025-12-16 14:00,0.106
2025-12-16 15:00,0.411
2025-12-16 17:00,2.041
2025-12-16 19:00,3.377
2025-12-17 06:00,5.775
2025-12-17 07:00,5.906
2025-12-17 08:00,5.578
2025-12-17 09:00,4.738
2025-12-17 10:00,3.600
2025-12-17 11:00,2.241
2025-12-17 12:00,1.041
2025-12-17 13:00,0.135
2025-12-17 14:00,-0.183
2025-12-17 15:00,-0.013
2025-12-17 17:00,1.530
2025-12-17 19:00,3.147
2025-12-18 06:00,5.801
2025-12-18 07:00,6.188
2025-12-18 08:00,6.110
2025-12-18 09:00,5.480
2025-12-18 10:00,4.394
2025-12-18 11:00,3.009
2025-12-18 12:00,1.641
2025-12-18 13:00,0.437
2025-12-18 14:00,-0.209
2025-12-18 15:00,-0.350
2025-12-18 17:00,0.880
2025-12-18 19:00,2.697
2025-12-19 06:00,5.526
2025-12-19 07:00,6.087
2025-12-19 08:00,6.221
2025-12-19 09:00,5.886
2025-12-19 10:00,4.899
2025-12-19 11:00,3.705
2025-12-19 12:00,2.169
2025-12-19 13:00,0.795
2025-12-19 14:00,-0.134
2025-12-19 15:00,-0.551
2025-12-19 17:00,0.240
2025-12-19 19:00,2.028
2025-12-20 06:00,5.007
2025-12-20 07:00,5.686
2025-12-20 08:00,6.100
2025-12-20 09:00,6.028
2025-12-20 10:00,5.417
2025-12-20 11:00,4.253
2025-12-20 12:00,2.842
2025-12-20 13:00,1.395
2025-12-20 14:00,0.217
2025-12-20 15:00,-0.482
2025-12-20 17:00,-0.219
2025-12-20 19:00,1.566
2025-12-21 06:00,4.456
2025-12-21 07:00,5.296
2025-12-21 08:00,5.952
2025-12-21 09:00,6.211
2025-12-21 10:00,5.801
2025-12-21 11:00,4.971
2025-12-21 12:00,3.767
2025-12-21 13:00,2.317
2025-12-21 14:00,0.926
2025-12-21 15:00,-0.003
2025-12-21 17:00,-0.367
2025-12-21 19:00,1.123
2025-12-22 06:00,3.993
2025-12-22 07:00,4.800
2025-12-22 08:00,5.539
2025-12-22 09:00,5.985
2025-12-22 10:00,5.982
2025-12-22 11:00,5.355
2025-12-22 12:00,4.341
2025-12-22 13:00,3.042
2025-12-22 14:00,1.736
2025-12-22 15:00,0.624
2025-12-22 17:00,-0.186
2025-12-22 19:00,0.768
2025-12-23 06:00,3.619
2025-12-23 07:00,4.190
2025-12-23 08:00,4.928
2025-12-23 09:00,5.457
2025-12-23 10:00,5.729
2025-12-23 11:00,5.509
2025-12-23 12:00,4.951
2025-12-23 13:00,3.885
2025-12-23 14:00,2.658
2025-12-23 15:00,1.421
2025-12-23 17:00,0.102
2025-12-23 19:00,0.591
2025-12-24 06:00,3.304
2025-12-24 07:00,3.780
2025-12-24 08:00,4.443
2025-12-24 09:00,5.112
2025-12-24 10:00,5.545
2025-12-24 11:00,5.558
2025-12-24 12:00,5.188
2025-12-24 13:00,4.449
2025-12-24 14:00,3.390
2025-12-24 15:00,2.297
2025-12-24 17:00,0.654
2025-12-24 19:00,0.470
2025-12-25 06:00,2.802
2025-12-25 07:00,2.973
2025-12-25 08:00,3.429
2025-12-25 09:00,3.957
2025-12-25 10:00,4.469
2025-12-25 11:00,4.794
2025-12-25 12:00,4.791
2025-12-25 13:00,4.404
2025-12-25 14:00,3.738
2025-12-25 15:00,2.835
2025-12-25 17:00,1.123
2025-12-25 19:00,0.489
2025-12-26 06:00,2.921
2025-12-26 07:00,2.776
2025-12-26 08:00,2.793
2025-12-26 09:00,3.160
2025-12-26 10:00,3.547
2025-12-26 11:00,3.918
2025-12-26 12:00,4.167
2025-12-26 13:00,4.151
2025-12-26 14:00,3.813
2025-12-26 15:00,3.324
2025-12-26 17:00,1.986
2025-12-26 19:00,1.001
2025-12-27 06:00,3.288
2025-12-27 07:00,2.816
2025-12-27 08:00,2.383
2025-12-27 09:00,2.373
2025-12-27 10:00,2.425
2025-12-27 11:00,2.806
2025-12-27 12:00,3.108
2025-12-27 13:00,3.370
2025-12-27 14:00,3.521
2025-12-27 15:00,3.350
2025-12-27 17:00,2.520
2025-12-27 19:00,1.585
2025-12-28 06:00,3.842
2025-12-28 07:00,3.163
2025-12-28 08:00,2.438
2025-12-28 09:00,1.930
2025-12-28 10:00,1.654
2025-12-28 11:00,1.628
2025-12-28 12:00,1.920
2025-12-28 13:00,2.271
2025-12-28 14:00,2.681
2025-12-28 15:00,3.009
2025-12-28 17:00,2.966
2025-12-28 19:00,2.238
2025-12-29 06:00,4.761
2025-12-29 07:00,3.823
2025-12-29 08:00,2.875
2025-12-29 09:00,1.979
2025-12-29 10:00,1.198
2025-12-29 11:00,0.837
2025-12-29 12:00,0.801
2025-12-29 13:00,1.073
2025-12-29 14:00,1.621
2025-12-29 15:00,2.304
2025-12-29 17:00,3.147
2025-12-29 19:00,2.914
2025-12-30 06:00,5.844
2025-12-30 07:00,5.040
2025-12-30 08:00,3.892
2025-12-30 09:00,2.697
2025-12-30 10:00,1.457
2025-12-30 11:00,0.549
2025-12-30 12:00,0.066
2025-12-30 13:00,-0.019
2025-12-30 14:00,0.440
2025-12-30 15:00,1.182
2025-12-30 17:00,2.825
2025-12-30 19:00,3.396
2025-12-31 06:00,6.595
2025-12-31 07:00,6.169
2025-12-31 08:00,5.171
2025-12-31 09:00,3.787
2025-12-31 10:00,2.255
2025-12-31 11:00,0.867
2025-12-31 12:00,-0.196
2025-12-31 13:00,-0.734
2025-12-31 14:00,-0.701
2025-12-31 15:00,-0.029
2025-12-31 17:00,2.071
2025-12-31 19:00,3.567
2026-01-01 06:00,6.890
2026-01-01 07:00,6.923
2026-01-01 08:00,6.274
2026-01-01 09:00,5.096
2026-01-01 10:00,3.449
2026-01-01 11:00,1.664
2026-01-01 12:00,0.174
2026-01-01 13:00,-0.931
2026-01-01 14:00,-1.322
2026-01-01 15:00,-1.082
2026-01-01 17:00,0.952
2026-01-01 19:00,3.140
2026-01-02 06:00,6.723
2026-01-02 07:00,7.327
2026-01-02 08:00,7.205
2026-01-02 09:00,6.372
2026-01-02 10:00,4.978
2026-01-02 11:00,3.157
2026-01-02 12:00,1.231
2026-01-02 13:00,-0.350
2026-01-02 14:00,-1.377
2026-01-02 15:00,-1.620
2026-01-02 17:00,-0.098
2026-01-02 19:00,2.451
2026-01-03 06:00,5.952
2026-01-03 07:00,6.930
2026-01-03 08:00,7.428
2026-01-03 09:00,7.228
2026-01-03 10:00,6.234
2026-01-03 11:00,4.627
2026-01-03 12:00,2.704
2026-01-03 13:00,0.854
2026-01-03 14:00,-0.675
2026-01-03 15:00,-1.459
2026-01-03 17:00,-0.862
2026-01-03 19:00,1.680
2026-01-04 06:00,4.797
2026-01-04 07:00,6.034
2026-01-04 08:00,6.930
2026-01-04 09:00,7.307
2026-01-04 10:00,6.923
2026-01-04 11:00,5.732
2026-01-04 12:00,4.007
2026-01-04 13:00,2.225
2026-01-04 14:00,0.453
2026-01-04 15:00,-0.849
2026-01-04 17:00,-1.279
2026-01-04 19:00,0.867
2026-01-05 06:00,3.639
2026-01-05 07:00,4.712
2026-01-05 08:00,5.824
2026-01-05 09:00,6.621
2026-01-05 10:00,6.792
2026-01-05 11:00,6.274
2026-01-05 12:00,5.086
2026-01-05 13:00,3.524
2026-01-05 14:00,1.707
2026-01-05 15:00,0.273
2026-01-05 17:00,-1.043
2026-01-05 19:00,0.243
2026-01-06 06:00,2.717
2026-01-06 07:00,3.478
2026-01-06 08:00,4.584
2026-01-06 09:00,5.555
2026-01-06 10:00,6.142
2026-01-06 11:00,6.172
2026-01-06 12:00,5.542
2026-01-06 13:00,4.463
2026-01-06 14:00,2.917
2026-01-06 15:00,1.487
2026-01-06 17:00,-0.334
2026-01-06 19:00,0.112
2026-01-07 06:00,2.474
2026-01-07 07:00,2.825
2026-01-07 08:00,3.639
2026-01-07 09:00,4.453
2026-01-07 10:00,5.092
2026-01-07 11:00,5.453
2026-01-07 12:00,5.293
2026-01-07 13:00,4.633
2026-01-07 14:00,3.564
2026-01-07 15:00,2.465
2026-01-07 17:00,0.624
2026-01-07 19:00,0.368
2026-01-08 06:00,2.386
2026-01-08 07:00,2.320
2026-01-08 08:00,2.638
2026-01-08 09:00,3.088
2026-01-08 10:00,3.642
2026-01-08 11:00,4.102
2026-01-08 12:00,4.259
2026-01-08 13:00,4.161
2026-01-08 14:00,3.649
2026-01-08 15:00,2.835
2026-01-08 17:00,1.221
2026-01-08 19:00,0.686
2026-01-09 06:00,2.553
2026-01-09 07:00,2.159
2026-01-09 08:00,2.005
2026-01-09 09:00,2.081
2026-01-09 10:00,2.415
2026-01-09 11:00,2.724
2026-01-09 12:00,3.039
2026-01-09 13:00,3.196
2026-01-09 14:00,3.101
2026-01-09 15:00,2.793
2026-01-09 17:00,1.812
2026-01-09 19:00,1.136
2026-01-10 06:00,3.081
2026-01-10 07:00,2.451
2026-01-10 08:00,2.015
2026-01-10 09:00,1.753
2026-01-10 10:00,1.680
2026-01-10 11:00,1.792
2026-01-10 12:00,1.972
2026-01-10 13:00,2.343
2026-01-10 14:00,2.524
2026-01-10 15:00,2.697
2026-01-10 17:00,2.291
2026-01-10 19:00,1.818
2026-01-11 06:00,3.820
2026-01-11 07:00,3.199
2026-01-11 08:00,2.547
2026-01-11 09:00,1.995
2026-01-11 10:00,1.605
2026-01-11 11:00,1.451
2026-01-11 12:00,1.454
2026-01-11 13:00,1.612
2026-01-11 14:00,1.913
2026-01-11 15:00,2.261
2026-01-11 17:00,2.632
2026-01-11 19:00,2.510
2026-01-12 06:00,4.374
2026-01-12 07:00,3.754
2026-01-12 08:00,2.999
2026-01-12 09:00,2.278
2026-01-12 10:00,1.562
2026-01-12 11:00,1.064
2026-01-12 12:00,0.841
2026-01-12 13:00,0.923
2026-01-12 14:00,1.211
2026-01-12 15:00,1.648
2026-01-12 17:00,2.468
2026-01-12 19:00,2.822
2026-01-13 06:00,4.899
2026-01-13 07:00,4.400
2026-01-13 08:00,3.655
2026-01-13 09:00,2.763
2026-01-13 10:00,1.808
2026-01-13 11:00,1.011
2026-01-13 12:00,0.444
2026-01-13 13:00,0.293
2026-01-13 14:00,0.434
2026-01-13 15:00,0.959
2026-01-13 17:00,2.281
2026-01-13 19:00,3.065
2026-01-14 06:00,5.329
2026-01-14 07:00,5.076
2026-01-14 08:00,4.469
2026-01-14 09:00,3.449
2026-01-14 10:00,2.405
2026-01-14 11:00,1.379
2026-01-14 12:00,0.558
2026-01-14 13:00,0.050
2026-01-14 14:00,0.056
2026-01-14 15:00,0.453
2026-01-14 17:00,1.910
2026-01-14 19:00,3.236
2026-01-15 06:00,5.765
2026-01-15 07:00,5.785
2026-01-15 08:00,5.276
2026-01-15 09:00,4.426
2026-01-15 10:00,3.209
2026-01-15 11:00,1.907
2026-01-15 12:00,0.798
2026-01-15 13:00,0.115
2026-01-15 14:00,-0.206
2026-01-15 15:00,-0.019
2026-01-15 17:00,1.562
2026-01-15 19:00,3.190
2026-01-16 06:00,5.850
2026-01-16 07:00,6.188
2026-01-16 08:00,5.978
2026-01-16 09:00,5.178
2026-01-16 10:00,4.062
2026-01-16 11:00,2.602
2026-01-16 13:00,0.312
2026-01-16 14:00,-0.275
2026-01-16 15:00,-0.272
2026-01-16 17:00,1.073
2026-01-16 19:00,2.986
2026-01-17 06:00,5.676
2026-01-17 07:00,6.244
2026-01-17 08:00,6.320
2026-01-17 09:00,5.818
2026-01-17 10:00,4.820
2026-01-17 11:00,3.400
2026-01-17 12:00,1.894
2026-01-17 13:00,0.568
2026-01-17 14:00,-0.311
2026-01-17 15:00,-0.656
2026-01-17 17:00,0.457
2026-01-17 19:00,2.547
2026-01-18 06:00,5.102
2026-01-18 07:00,5.909
2026-01-18 08:00,6.339
2026-01-18 09:00,6.182
2026-01-18 10:00,5.414
2026-01-18 11:00,4.134
2026-01-18 12:00,2.589
2026-01-18 13:00,1.146
2026-01-18 14:00,-0.013
2026-01-18 15:00,-0.564
2026-01-18 17:00,0.083
2026-01-18 19:00,2.189
2026-01-19 06:00,4.636
2026-01-19 07:00,5.637
2026-01-19 08:00,6.346
2026-01-19 09:00,6.546
2026-01-19 10:00,6.077
2026-01-19 11:00,4.938
2026-01-19 12:00,3.583
2026-01-19 13:00,1.986
2026-01-19 14:00,0.634
2026-01-19 15:00,-0.236
2026-01-19 17:00,-0.140
2026-01-19 19:00,1.707
2026-01-20 06:00,3.898
2026-01-20 07:00,4.955
2026-01-20 08:00,5.808
2026-01-20 09:00,6.277
2026-01-20 10:00,6.133
2026-01-20 12:00,4.134
2026-01-20 13:00,2.688
2026-01-20 14:00,1.224
2026-01-20 15:00,0.125
2026-01-20 17:00,-0.393
2026-01-20 19:00,1.300
2026-01-21 06:00,3.150
2026-01-21 07:00,4.030
2026-01-21 08:00,5.030
2026-01-21 09:00,5.680
2026-01-21 10:00,5.962
2026-01-21 11:00,5.558
2026-01-21 12:00,4.741
2026-01-21 13:00,3.485
2026-01-21 14:00,2.097
2026-01-21 15:00,0.896
2026-01-21 17:00,-0.121
2026-01-21 19:00,1.100
2026-01-22 06:00,2.520
2026-01-22 07:00,3.213
2026-01-22 08:00,4.082
2026-01-22 09:00,4.863
2026-01-22 10:00,5.447
2026-01-22 11:00,5.348
2026-01-22 12:00,4.961
2026-01-22 13:00,4.134
2026-01-22 14:00,2.848
2026-01-22 15:00,1.743
2026-01-22 17:00,0.345
2026-01-22 19:00,0.962
2026-01-23 06:00,2.327
2026-01-23 07:00,2.602
2026-01-23 08:00,3.140
2026-01-23 09:00,3.918
2026-01-23 10:00,4.535
2026-01-23 11:00,4.837
2026-01-23 12:00,4.735
2026-01-23 13:00,4.207
2026-01-23 14:00,3.373
2026-01-23 15:00,2.402
2026-01-23 16:00,1.592
2026-01-23 17:00,1.087
2026-01-23 18:00,0.880
2026-01-23 19:00,1.185
2026-01-24 06:00,2.205
2026-01-24 07:00,2.146
2026-01-24 08:00,2.356
2026-01-24 09:00,2.819
2026-01-24 10:00,3.383
2026-01-24 11:00,3.797
2026-01-24 12:00,4.016
2026-01-24 13:00,3.885
2026-01-24 14:00,3.498
2026-01-24 15:00,2.881
2026-01-24 16:00,2.212
2026-01-24 17:00,1.743
2026-01-24 18:00,1.451
2026-01-24 19:00,1.447
2026-01-25 06:00,2.383
2026-01-25 07:00,1.897
2026-01-25 08:00,1.694
2026-01-25 09:00,1.812
2026-01-25 10:00,2.130
2026-01-25 11:00,2.405
2026-01-25 12:00,2.757
2026-01-25 13:00,2.989
2026-01-25 14:00,2.957
2026-01-25 15:00,2.707
2026-01-25 16:00,2.481
2026-01-25 17:00,2.094
2026-01-25 18:00,1.838
2026-01-25 19:00,1.743
2026-01-26 06:00,3.101
2026-01-26 07:00,2.307
2026-01-26 08:00,1.684
2026-01-26 09:00,1.339
2026-01-26 10:00,1.175
2026-01-26 11:00,1.234
2026-01-26 12:00,1.520
2026-01-26 13:00,1.900
2026-01-26 14:00,2.241
2026-01-26 15:00,2.471
2026-01-26 16:00,2.622
2026-01-26 17:00,2.540
2026-01-26 18:00,2.442
2026-01-26 19:00,2.337
2026-01-27 06:00,4.203
2026-01-27 07:00,3.373
2026-01-27 08:00,2.412
2026-01-27 09:00,1.520
2026-01-27 10:00,0.890
2026-01-27 11:00,0.539
2026-01-27 12:00,0.394
2026-01-27 13:00,0.709
2026-01-27 14:00,1.234
2026-01-27 15:00,1.815
2026-01-27 16:00,2.366
2026-01-27 17:00,2.724
2026-01-27 18:00,2.898
2026-01-27 19:00,2.924
2026-01-28 06:00,5.345
2026-01-28 07:00,4.472
2026-01-28 08:00,3.455
2026-01-28 09:00,2.284
2026-01-28 10:00,1.208
2026-01-28 11:00,0.240
2026-01-28 12:00,-0.222
2026-01-28 13:00,-0.245
2026-01-28 14:00,0.152
2026-01-28 15:00,0.837
2026-01-28 16:00,1.756
2026-01-28 17:00,2.583
2026-01-28 18:00,3.144
2026-01-28 19:00,3.380
2026-01-29 06:00,6.254
2026-01-29 07:00,5.795
2026-01-29 08:00,4.856
2026-01-29 09:00,3.521
2026-01-29 10:00,2.077
2026-01-29 11:00,0.726
2026-01-29 12:00,-0.331
2026-01-29 13:00,-0.856
2026-01-29 14:00,-0.783
2026-01-29 15:00,-0.193
2026-01-29 16:00,0.821
2026-01-29 17:00,1.923
2026-01-29 18:00,2.848
2026-01-29 19:00,3.485
2026-01-30 06:00,6.526
2026-01-30 07:00,6.513
2026-01-30 08:00,5.946
2026-01-30 09:00,4.771
2026-01-30 10:00,3.154
2026-01-30 11:00,1.579
2026-01-30 12:00,0.092
2026-01-30 13:00,-0.980
2026-01-30 14:00,-1.276
2026-01-30 15:00,-0.990
2026-01-30 16:00,-0.114
2026-01-30 17:00,1.146
2026-01-30 18:00,2.356
2026-01-30 19:00,3.341
2026-01-31 06:00,6.323
2026-01-31 07:00,6.900
2026-01-31 08:00,6.831
2026-01-31 09:00,6.083
2026-01-31 10:00,4.673
2026-01-31 11:00,2.983
2026-01-31 12:00,1.205
2026-01-31 13:00,-0.252
2026-01-31 14:00,-1.154
2026-01-31 15:00,-1.246
2026-01-31 16:00,-0.669
2026-01-31 17:00,0.476
2026-01-31 19:00,3.144
2026-02-01 06:00,5.667
2026-02-01 07:00,6.654
2026-02-01 08:00,7.153
2026-02-01 09:00,6.861
2026-02-01 10:00,5.850
2026-02-01 11:00,4.269
2026-02-01 12:00,2.497
2026-02-01 13:00,0.732
2026-02-01 14:00,-0.560
2026-02-01 15:00,-1.174
2026-02-01 16:00,-0.957
2026-02-01 17:00,-0.170
2026-02-01 19:00,2.550
2026-02-02 06:00,4.535
2026-02-02 07:00,5.706
2026-02-02 08:00,6.628
2026-02-02 09:00,6.963
2026-02-02 10:00,6.477
2026-02-02 15:00,-0.800
2026-02-02 16:00,-0.993
2026-02-02 17:00,-0.508
2026-02-02 19:00,1.923
2026-02-03 06:00,3.190
2026-02-03 07:00,4.459
2026-02-03 08:00,5.562
2026-02-03 09:00,6.329
2026-02-03 10:00,6.418
2026-02-03 11:00,5.637
2026-02-03 12:00,4.390
2026-02-03 13:00,2.737
2026-02-03 14:00,1.218
2026-02-03 15:00,-0.019
2026-02-03 16:00,-0.642
2026-02-03 17:00,-0.465
2026-02-03 18:00,0.286
2026-02-03 19:00,1.461
2026-02-04 06:00,2.412
2026-02-04 07:00,3.416
2026-02-04 08:00,4.528
2026-02-04 09:00,5.424
2026-02-04 10:00,5.873
2026-02-04 11:00,5.729
2026-02-04 12:00,4.912
2026-02-04 13:00,3.698
2026-02-04 14:00,2.320
2026-02-04 15:00,1.136
2026-02-04 16:00,0.339
2026-02-04 17:00,0.152
2026-02-04 19:00,1.451
2026-02-05 07:00,2.668
2026-02-05 08:00,3.478
2026-02-05 09:00,4.390
2026-02-05 10:00,4.978
2026-02-05 11:00,5.030
2026-02-05 12:00,4.702
2026-02-05 13:00,3.911
2026-02-05 14:00,2.848
2026-02-05 15:00,1.818
2026-02-05 16:00,1.041
2026-02-05 17:00,0.758
2026-02-05 19:00,1.513
2026-02-06 06:00,1.808
2026-02-06 07:00,2.084
2026-02-06 08:00,2.491
2026-02-06 09:00,3.216
2026-02-06 10:00,3.741
2026-02-06 11:00,4.066
2026-02-06 12:00,4.118
2026-02-06 13:00,3.692
2026-02-06 14:00,3.068
2026-02-06 17:00,1.402
2026-02-06 18:00,1.313
2026-02-06 19:00,1.674
2026-02-07 06:00,2.143
2026-02-07 07:00,1.940
2026-02-07 08:00,2.022
2026-02-07 09:00,2.415
2026-02-07 10:00,2.852
2026-02-07 11:00,3.131
2026-02-07 12:00,3.341
2026-02-07 13:00,3.341
2026-02-07 14:00,3.016
2026-02-07 15:00,2.599
2026-02-07 16:00,2.179
2026-02-07 17:00,1.940
2026-02-07 19:00,2.031
2026-02-08 07:00,2.094
2026-02-08 08:00,1.884
2026-02-08 09:00,1.871
2026-02-08 10:00,2.022
2026-02-08 11:00,2.169
2026-02-08 12:00,2.363
2026-02-08 13:00,2.553
2026-02-08 14:00,2.612
2026-02-08 15:00,2.533
2026-02-08 16:00,2.478
2026-02-08 17:00,2.353
2026-02-08 19:00,2.405
2026-02-09 06:00,3.255
2026-02-09 07:00,2.648
2026-02-09 08:00,2.173
2026-02-09 09:00,1.953
2026-02-09 10:00,1.680
2026-02-09 11:00,1.674
2026-02-09 12:00,1.792
2026-02-09 13:00,1.959
2026-02-09 14:00,2.186
2026-02-09 15:00,2.471
2026-02-09 16:00,2.658
2026-02-09 17:00,2.796
2026-02-09 19:00,2.937
2026-02-10 06:00,4.062
2026-02-10 07:00,3.468
2026-02-10 08:00,2.757
2026-02-10 09:00,2.015
2026-02-10 10:00,1.533
2026-02-10 11:00,1.293
2026-02-10 12:00,1.152
2026-02-10 13:00,1.198
2026-02-10 14:00,1.503
2026-02-10 15:00,1.910
2026-02-10 16:00,2.350
2026-02-10 17:00,2.750
2026-02-10 19:00,3.209
2026-02-11 06:00,4.426
2026-02-11 07:00,3.895
2026-02-11 08:00,3.236
2026-02-11 09:00,2.409
2026-02-11 10:00,1.585
2026-02-11 11:00,0.949
2026-02-11 12:00,0.562
2026-02-11 13:00,0.562
2026-02-11 14:00,0.739
2026-02-11 15:00,1.277
2026-02-11 16:00,1.894
2026-02-11 17:00,2.570
2026-02-11 19:00,3.229
2026-02-12 06:00,4.935
2026-02-12 07:00,4.604
2026-02-12 08:00,3.944
2026-02-12 09:00,3.029
2026-02-12 10:00,2.008
2026-02-12 12:00,0.329
2026-02-12 13:00,0.096
2026-02-12 14:00,0.240
2026-02-12 15:00,0.768
2026-02-12 16:00,1.480
2026-02-12 17:00,2.330
2026-02-12 19:00,3.403
2026-02-13 06:00,5.542
2026-02-13 07:00,5.355
2026-02-13 08:00,4.814
2026-02-13 09:00,3.938
2026-02-13 10:00,2.714
2026-02-13 11:00,1.500
2026-02-13 12:00,0.496
2026-02-13 13:00,-0.029
2026-02-13 14:00,-0.140
2026-02-13 15:00,0.280
2026-02-13 16:00,1.028
2026-02-13 17:00,1.936
2026-02-13 19:00,3.485
2026-02-14 06:00,5.588
2026-02-14 07:00,5.736
2026-02-14 08:00,5.394
2026-02-14 09:00,4.505
2026-02-14 10:00,3.308
2026-02-14 11:00,1.841
2026-02-14 12:00,0.637
2026-02-14 13:00,-0.213
2026-02-14 14:00,-0.534
2026-02-14 15:00,-0.265
2026-02-14 16:00,0.391
2026-02-14 17:00,1.392
2026-02-14 19:00,3.314
2026-02-15 06:00,5.568
2026-02-15 07:00,6.050
2026-02-15 08:00,6.021
2026-02-15 09:00,5.424
2026-02-15 10:00,4.279
2026-02-15 11:00,2.753
2026-02-15 12:00,1.257
2026-02-15 13:00,0.178
2026-02-15 14:00,-0.534
2026-02-15 15:00,-0.455
2026-02-15 16:00,0.132
2026-02-15 17:00,1.126
2026-02-15 19:00,3.341
2026-02-16 06:00,5.302
2026-02-16 07:00,6.129
2026-02-16 08:00,6.438
2026-02-16 09:00,6.215
2026-02-16 10:00,5.178
2026-02-16 11:00,3.797
2026-02-16 12:00,2.251
2026-02-16 13:00,0.968
2026-02-16 14:00,-0.121
2026-02-16 15:00,-0.462
2026-02-16 16:00,-0.013
2026-02-16 17:00,0.804
2026-02-16 19:00,3.193
2026-02-17 06:00,4.361
2026-02-17 07:00,5.404
2026-02-17 08:00,6.031
2026-02-17 09:00,6.021
2026-02-17 10:00,5.355
2026-02-17 11:00,4.239
2026-02-17 12:00,2.648
2026-02-17 13:00,1.106
2026-02-17 14:00,-0.117
2026-02-17 15:00,-0.675
2026-02-17 16:00,-0.583
2026-02-17 17:00,0.204
2026-02-17 19:00,2.652
2026-02-18 06:00,3.396
2026-02-18 07:00,4.604
2026-02-18 08:00,5.466
2026-02-18 09:00,5.841
2026-02-18 10:00,5.594
2026-02-18 11:00,4.702
2026-02-18 12:00,3.403
2026-02-18 13:00,1.835
2026-02-18 14:00,0.506
2026-02-18 15:00,-0.200
2026-02-18 16:00,-0.396
2026-02-18 17:00,0.027
2026-02-18 19:00,2.366
2026-02-19 06:00,2.294
2026-02-19 07:00,3.521
2026-02-19 08:00,4.597
2026-02-19 09:00,5.270
2026-02-19 10:00,5.427
2026-02-19 11:00,4.994
2026-02-19 12:00,4.046
2026-02-19 13:00,2.799
2026-02-19 15:00,0.486
2026-02-19 16:00,0.033
2026-02-19 17:00,0.237
2026-02-19 19:00,2.218
2026-02-20 06:00,1.454
2026-02-20 07:00,2.320
2026-02-20 08:00,3.275
2026-02-20 09:00,4.197
2026-02-20 10:00,4.666
2026-02-20 11:00,4.633
2026-02-20 12:00,4.089
2026-02-20 13:00,3.124
2026-02-20 14:00,2.018
2026-02-20 15:00,1.106
2026-02-20 16:00,0.506
2026-02-20 17:00,0.434
2026-02-20 18:00,0.965
2026-02-20 19:00,1.851
2026-02-21 06:00,0.877
2026-02-21 07:00,1.372
2026-02-21 08:00,2.045
2026-02-21 09:00,2.832
2026-02-21 10:00,3.528
2026-02-21 11:00,3.859
2026-02-21 12:00,3.718
2026-02-21 13:00,3.262
2026-02-21 14:00,2.432
2026-02-21 15:00,1.634
2026-02-21 16:00,1.110
2026-02-21 17:00,0.903
2026-02-21 19:00,1.808
2026-02-22 06:00,0.788
2026-02-22 07:00,0.795
2026-02-22 08:00,1.185
2026-02-22 09:00,1.723
2026-02-22 10:00,2.291
2026-02-22 11:00,2.747
2026-02-22 12:00,2.911
2026-02-22 13:00,2.888
2026-02-22 14:00,2.615
2026-02-22 15:00,2.077
2026-02-22 16:00,1.684
2026-02-22 17:00,1.487
2026-02-22 19:00,1.881
2026-02-23 06:00,1.398
2026-02-23 07:00,0.926
2026-02-23 08:00,0.814
2026-02-23 09:00,0.975
2026-02-23 10:00,1.342
2026-02-23 11:00,1.713
2026-02-23 12:00,2.058
2026-02-23 13:00,2.320
2026-02-23 14:00,2.438
2026-02-23 15:00,2.350
2026-02-23 16:00,2.314
2026-02-23 17:00,2.163
2026-02-23 19:00,2.271
2026-02-24 06:00,2.468
2026-02-24 07:00,1.694
2026-02-24 08:00,1.087
2026-02-24 09:00,0.703
2026-02-24 10:00,0.627
2026-02-24 12:00,1.060
2026-02-24 13:00,1.500
2026-02-24 14:00,1.907
2026-02-24 15:00,2.304
2026-02-24 16:00,2.583
2026-02-24 17:00,2.734
2026-02-24 19:00,2.868
2026-02-25 06:00,3.675
2026-02-25 07:00,2.737
2026-02-25 08:00,1.799
2026-02-25 09:00,0.972
2026-02-25 10:00,0.348
2026-02-25 11:00,0.050
2026-02-25 12:00,0.106
2026-02-25 13:00,0.378
2026-02-25 15:00,1.592
2026-02-25 17:00,2.773
2026-02-25 19:00,3.157
2026-02-26 06:00,4.807
2026-02-26 07:00,4.003
2026-02-26 08:00,2.911
2026-02-26 09:00,1.772
2026-02-26 10:00,0.680
2026-02-26 11:00,-0.147
2026-02-26 12:00,-0.603
2026-02-26 13:00,-0.475
2026-02-26 14:00,0.020
2026-02-26 15:00,0.788
2026-02-26 16:00,1.805
2026-02-26 17:00,2.674
2026-02-26 19:00,3.596
2026-02-27 06:00,5.788
2026-02-27 07:00,5.322
2026-02-27 08:00,4.384
2026-02-27 09:00,3.098
2026-02-27 10:00,1.720
2026-02-27 11:00,0.493
2026-02-27 12:00,-0.455
2026-02-27 13:00,-0.816
2026-02-27 14:00,-0.551
2026-02-27 15:00,0.191
2026-02-27 16:00,1.260
2026-02-27 17:00,2.399
2026-02-27 18:00,3.341
2026-02-27 19:00,3.908
2026-02-28 06:00,6.149
2026-02-28 07:00,6.188
2026-02-28 09:00,4.440
2026-02-28 11:00,1.359
2026-02-28 12:00,0.060
2026-02-28 13:00,-0.715
2026-02-28 14:00,-0.852
2026-02-28 16:00,0.634
2026-02-28 17:00,1.923
2026-02-28 19:00,3.888
2026-03-01 06:00,5.729
2026-03-01 07:00,6.257
2026-03-01 08:00,6.126
2026-03-01 09:00,5.306
2026-03-01 10:00,3.993
2026-03-01 11:00,2.343
2026-03-01 12:00,0.801
2026-03-01 13:00,-0.390
2026-03-01 14:00,-0.957
2026-03-01 15:00,-0.754
2026-03-01 17:00,1.270
2026-03-01 19:00,3.846
2026-03-02 07:00,5.778
2026-03-02 08:00,6.195
2026-03-02 09:00,5.831
2026-03-02 10:00,4.820
2026-03-02 11:00,3.314
2026-03-02 12:00,1.661
2026-03-02 13:00,0.240
2026-03-02 14:00,-0.665
2026-03-02 15:00,-0.839
2026-03-02 16:00,-0.318
2026-03-02 17:00,0.749
2026-03-02 19:00,3.554
2026-03-03 06:00,3.793
2026-03-03 07:00,4.945
2026-03-03 08:00,5.736
2026-03-03 09:00,5.811
2026-03-03 10:00,5.270
2026-03-03 11:00,4.098
2026-03-03 12:00,2.547
2026-03-03 13:00,1.080
2026-03-03 14:00,0.007
2026-03-03 15:00,-0.511
2026-03-03 16:00,-0.242
2026-03-03 17:00,0.634
2026-03-03 18:00,1.851
2026-03-03 19:00,3.245
2026-03-04 06:00,2.602
2026-03-04 07:00,3.836
2026-03-04 08:00,4.863
2026-03-04 09:00,5.394
2026-03-04 10:00,5.220
2026-03-04 11:00,4.463
2026-03-04 12:00,3.318
2026-03-04 13:00,1.963
2026-03-04 14:00,0.758
2026-03-04 15:00,0.083
2026-03-04 16:00,0.024
2026-03-04 19:00,2.907
2026-03-05 06:00,1.910
2026-03-05 07:00,2.917
2026-03-05 08:00,3.957
2026-03-05 09:00,4.620
2026-03-05 10:00,4.886
2026-03-05 12:00,3.826
2026-03-05 13:00,2.714
2026-03-05 14:00,1.625
2026-03-05 15:00,0.893
2026-03-05 16:00,0.637
2026-03-05 17:00,0.968
2026-03-05 19:00,2.809
2026-03-06 06:00,1.152
2026-03-06 07:00,1.949
2026-03-06 08:00,2.848
2026-03-06 09:00,3.662
2026-03-06 10:00,4.157
2026-03-06 11:00,4.180
2026-03-06 12:00,3.774
2026-03-06 13:00,3.071
2026-03-06 14:00,2.268
2026-03-06 15:00,1.589
2026-03-06 16:00,1.142
2026-03-06 17:00,1.290
2026-03-06 18:00,1.821
2026-03-06 19:00,2.707
2026-03-07 06:00,1.001
2026-03-07 07:00,1.418
2026-03-07 08:00,2.091
2026-03-07 09:00,2.862
2026-03-07 10:00,3.380
2026-03-07 11:00,3.600
2026-03-07 12:00,3.528
2026-03-07 13:00,3.140
2026-03-07 14:00,2.586
2026-03-07 15:00,2.031
2026-03-07 16:00,1.789
2026-03-07 17:00,1.753
2026-03-07 19:00,2.802
2026-03-08 06:00,1.500
2026-03-08 07:00,1.264
2026-03-08 08:00,1.356
2026-03-08 09:00,1.677
2026-03-08 11:00,2.652
2026-03-08 12:00,3.081
2026-03-08 13:00,3.147
2026-03-08 14:00,3.091
2026-03-08 15:00,2.894
2026-03-08 16:00,2.602
2026-03-08 17:00,2.356
2026-03-08 18:00,2.294
2026-03-09 06:00,2.268
2026-03-09 07:00,1.776
2026-03-09 08:00,1.500
2026-03-09 09:00,1.516
2026-03-09 10:00,1.700
2026-03-09 11:00,1.923
2026-03-09 12:00,2.274
2026-03-09 13:00,2.517
2026-03-09 14:00,2.661
2026-03-09 15:00,2.701
2026-03-09 16:00,2.701
2026-03-09 17:00,2.619
2026-03-09 18:00,2.642
2026-03-09 19:00,2.786
2026-03-10 06:00,2.776
2026-03-10 07:00,2.225
2026-03-10 08:00,1.746
2026-03-10 09:00,1.474
2026-03-10 11:00,1.274
2026-03-10 13:00,1.621
2026-03-10 14:00,1.867
2026-03-10 15:00,2.140
2026-03-10 16:00,2.363
2026-03-10 17:00,2.491
2026-03-10 18:00,2.596
2026-03-10 19:00,2.783
2026-03-11 06:00,3.321
2026-03-11 07:00,2.737
2026-03-11 08:00,2.215
2026-03-11 09:00,1.684
2026-03-11 10:00,1.244
2026-03-11 11:00,0.939
2026-03-11 12:00,0.841
2026-03-11 13:00,0.978
2026-03-11 14:00,1.175
2026-03-11 16:00,1.940
2026-03-11 17:00,2.399
2026-03-11 18:00,2.720
2026-03-12 06:00,3.961
2026-03-12 07:00,3.534
2026-03-12 08:00,2.950
2026-03-12 09:00,2.264
2026-03-12 10:00,1.585
2026-03-12 11:00,1.005
2026-03-12 12:00,0.608
2026-03-12 13:00,0.575
2026-03-12 14:00,0.699
2026-03-12 16:00,1.779
2026-03-12 17:00,2.363
2026-03-12 18:00,2.858
2026-03-13 06:00,4.699
2026-03-13 07:00,4.486
2026-03-13 08:00,4.020
2026-03-13 09:00,3.252
2026-03-13 10:00,2.376
2026-03-13 11:00,1.493
2026-03-13 12:00,0.785
2026-03-13 13:00,0.450
2026-03-13 14:00,0.489
2026-03-13 15:00,0.827
2026-03-13 16:00,1.546
2026-03-13 17:00,2.300
2026-03-13 18:00,3.042
2026-03-13 19:00,3.547
2026-03-14 06:00,5.020
2026-03-14 07:00,5.056
2026-03-14 08:00,4.797
2026-03-14 09:00,4.023
2026-03-14 10:00,3.003
2026-03-14 11:00,1.877
2026-03-14 12:00,0.909
2026-03-14 13:00,0.283
2026-03-14 14:00,-0.049
2026-03-14 15:00,0.260
2026-03-14 16:00,0.936
2026-03-14 17:00,1.848
2026-03-14 18:00,2.766
2026-03-15 06:00,4.892
2026-03-15 08:00,5.293
2026-03-15 09:00,4.728
2026-03-15 10:00,3.754
2026-03-15 11:00,2.455
2026-03-15 12:00,1.228
2026-03-15 13:00,0.362
2026-03-15 14:00,-0.200
2026-03-15 15:00,-0.170
2026-03-15 16:00,0.404
2026-03-15 17:00,1.372
2026-03-15 18:00,2.507
2026-03-16 07:00,5.339
2026-03-16 08:00,5.617
2026-03-16 09:00,5.404
2026-03-16 10:00,4.548
2026-03-16 11:00,3.327
2026-03-16 12:00,1.894
2026-03-16 13:00,0.713
2026-03-16 14:00,-0.065
2026-03-16 15:00,-0.255
2026-03-16 16:00,0.184
2026-03-16 17:00,1.067
2026-03-16 18:00,2.304
2026-03-17 06:00,3.918
2026-03-17 07:00,4.984
2026-03-17 08:00,5.726
2026-03-17 09:00,5.768
2026-03-17 10:00,5.283
2026-03-17 11:00,4.203
2026-03-17 12:00,2.819
2026-03-17 13:00,1.490
2026-03-17 14:00,0.391
2026-03-17 15:00,-0.035
2026-03-17 16:00,0.122
2026-03-17 17:00,0.916
2026-03-17 18:00,2.087
2026-03-18 06:00,2.921
2026-03-18 07:00,4.180
2026-03-18 08:00,5.220
2026-03-18 10:00,5.581
2026-03-18 11:00,4.856
2026-03-18 12:00,3.603
2026-03-18 13:00,2.189
2026-03-18 14:00,0.949
2026-03-18 15:00,0.220
2026-03-18 16:00,0.152
2026-03-18 17:00,0.781
2026-03-18 18:00,1.818
2026-03-19 06:00,1.792
2026-03-19 08:00,4.279
2026-03-19 09:00,5.188
2026-03-19 10:00,5.509
2026-03-19 11:00,5.168
2026-03-19 12:00,4.210
2026-03-19 13:00,2.970
2026-03-19 14:00,1.680
2026-03-19 15:00,0.857
2026-03-19 16:00,0.460
2026-03-19 17:00,0.798
2026-03-19 18:00,1.694
2026-03-20 06:00,0.909
2026-03-20 07:00,1.904
2026-03-20 08:00,3.134
2026-03-20 10:00,4.909
2026-03-20 11:00,5.040
2026-03-20 12:00,4.545
2026-03-20 13:00,3.685
2026-03-20 14:00,2.478
2026-03-20 15:00,1.490
2026-03-20 17:00,0.982
2026-03-20 18:00,1.605
2026-03-20 19:00,2.704
2026-03-21 06:00,0.283
2026-03-21 07:00,0.854
2026-03-21 08:00,1.864
2026-03-21 09:00,2.914
2026-03-21 10:00,3.826
2026-03-21 11:00,4.364
2026-03-21 12:00,4.331
2026-03-21 13:00,3.829
2026-03-21 14:00,3.049
2026-03-21 15:00,2.150
2026-03-21 16:00,1.497
2026-03-21 17:00,1.339
2026-03-21 18:00,1.625
2026-03-22 06:00,0.135
2026-03-22 07:00,0.299
2026-03-22 08:00,0.834
2026-03-22 09:00,1.697
2026-03-22 10:00,2.586
2026-03-22 11:00,3.331
2026-03-22 12:00,3.685
2026-03-22 13:00,3.721
2026-03-22 14:00,3.344
2026-03-22 15:00,2.737
2026-03-22 16:00,2.215
2026-03-22 17:00,1.966
2026-03-22 18:00,2.054
2026-03-23 06:00,0.834
2026-03-23 07:00,0.447
2026-03-23 08:00,0.516
2026-03-23 09:00,0.906
2026-03-23 10:00,1.500
2026-03-23 11:00,2.143
2026-03-23 12:00,2.734
2026-03-23 13:00,3.068
2026-03-23 14:00,3.190
2026-03-23 16:00,2.770
2026-03-23 17:00,2.586
2026-03-23 18:00,2.533
2026-03-24 06:00,1.844
2026-03-24 07:00,1.129
2026-03-24 09:00,0.486
2026-03-24 10:00,0.719
2026-03-24 11:00,1.044
2026-03-24 12:00,1.516
2026-03-24 13:00,2.113
2026-03-24 14:00,2.592
2026-03-24 15:00,2.816
2026-03-24 16:00,3.009
2026-03-24 17:00,3.032
2026-03-24 18:00,2.996
2026-03-25 06:00,3.196
2026-03-25 07:00,2.209
2026-03-25 08:00,1.356
2026-03-25 09:00,0.788
2026-03-25 10:00,0.381
2026-03-25 11:00,0.375
2026-03-25 12:00,0.644
2026-03-25 13:00,1.113
2026-03-25 14:00,1.726
2026-03-25 15:00,2.389
2026-03-25 16:00,2.858
2026-03-25 17:00,3.209
2026-03-25 18:00,3.386
2026-03-26 06:00,4.377
2026-03-26 07:00,3.567
2026-03-26 08:00,2.625
2026-03-26 09:00,1.595
2026-03-26 10:00,0.808
2026-03-26 11:00,0.234
2026-03-26 12:00,0.086
2026-03-26 13:00,0.283
2026-03-26 14:00,0.847
2026-03-26 15:00,1.595
2026-03-26 16:00,2.422
2026-03-26 17:00,3.157
2026-03-26 18:00,3.669
2026-03-27 06:00,5.135
2026-03-27 07:00,4.709
2026-03-27 08:00,3.869
2026-03-27 09:00,2.799
2026-03-27 10:00,1.661
2026-03-27 11:00,0.690
2026-03-27 12:00,0.040
2026-03-27 13:00,-0.173
2026-03-27 14:00,0.122
2026-03-27 15:00,0.850
2026-03-27 16:00,1.835
2026-03-27 17:00,2.894
2026-03-27 18:00,3.728
2026-03-28 06:00,5.457
2026-03-28 07:00,5.430
2026-03-28 08:00,4.955
2026-03-28 09:00,3.987
2026-03-28 10:00,2.773
2026-03-28 11:00,1.530
2026-03-28 12:00,0.450
2026-03-28 13:00,-0.127
2026-03-28 14:00,-0.200
2026-03-28 15:00,0.286
2026-03-28 16:00,1.260
2026-03-28 17:00,2.428
2026-03-28 18:00,3.547
2026-03-29 06:00,5.142
2026-03-29 07:00,5.670
2026-03-29 08:00,5.670
2026-03-29 10:00,3.875
2026-03-29 11:00,2.504
2026-03-29 12:00,1.159
2026-03-29 13:00,0.184
2026-03-29 14:00,-0.219
2026-03-29 15:00,0.004
2026-03-29 16:00,0.795
2026-03-29 17:00,1.956
2026-03-29 18:00,3.255
2026-03-30 06:00,4.279
2026-03-30 07:00,5.076
2026-03-30 08:00,5.555
2026-03-30 09:00,5.316
2026-03-30 10:00,4.489
2026-03-30 11:00,3.239
2026-03-30 12:00,1.867
2026-03-30 13:00,0.736
2026-03-30 14:00,0.024
2026-03-30 15:00,-0.062
2026-03-30 16:00,0.489
2026-03-30 17:00,1.543
2026-03-30 18:00,2.865
2026-03-31 06:00,3.341
2026-03-31 07:00,4.449
2026-03-31 08:00,5.178
2026-03-31 09:00,5.434
2026-03-31 10:00,5.089
2026-03-31 11:00,4.118
2026-03-31 12:00,2.786
2026-03-31 13:00,1.572
2026-03-31 14:00,0.614
2026-03-31 15:00,0.289
2026-03-31 16:00,0.585
2026-03-31 17:00,1.385
2026-03-31 18:00,2.563
2026-04-01 06:00,2.271
2026-04-01 07:00,3.380
2026-04-01 08:00,4.443
2026-04-01 09:00,5.066
2026-04-01 10:00,5.014
2026-04-01 11:00,4.479
2026-04-01 12:00,3.446
2026-04-01 13:00,2.258
2026-04-01 14:00,1.306
2026-04-01 15:00,0.739
2026-04-01 16:00,0.755
2026-04-01 17:00,1.293
2026-04-02 06:00,1.297
2026-04-02 07:00,2.396
2026-04-02 08:00,3.547
2026-04-02 09:00,4.344
2026-04-02 10:00,4.696
2026-04-02 11:00,4.518
2026-04-02 12:00,3.793
2026-04-02 13:00,2.924
2026-04-02 14:00,1.966
2026-04-02 15:00,1.297
2026-04-02 16:00,1.057
2026-04-02 17:00,1.395
2026-04-02 18:00,2.222
2026-04-03 06:00,0.722
2026-04-03 07:00,1.510
2026-04-03 08:00,2.550
2026-04-03 09:00,3.505
2026-04-03 10:00,4.200
2026-04-03 11:00,4.315
2026-04-03 12:00,3.957
2026-04-03 13:00,3.314
2026-04-03 14:00,2.530
2026-04-03 15:00,1.825
2026-04-03 16:00,1.543
2026-04-03 17:00,1.651
2026-04-03 18:00,2.218
2026-04-04 06:00,0.430
2026-04-04 07:00,0.916
2026-04-04 08:00,1.776
2026-04-04 09:00,2.668
2026-04-04 10:00,3.429
2026-04-04 11:00,3.810
2026-04-04 12:00,3.813
2026-04-04 13:00,3.432
2026-04-04 14:00,2.953
2026-04-04 15:00,2.389
2026-04-04 16:00,2.061
2026-04-04 17:00,1.976
2026-04-04 18:00,2.412
2026-04-05 06:00,0.417
2026-04-05 07:00,0.634
2026-04-05 08:00,1.228
2026-04-05 09:00,1.949
2026-04-05 10:00,2.612
2026-04-05 11:00,3.167
2026-04-05 12:00,3.409
2026-04-05 13:00,3.262
2026-04-05 14:00,2.937
2026-04-05 15:00,2.586
2026-04-05 16:00,2.360
2026-04-05 17:00,2.291
2026-04-05 18:00,2.494
2026-04-06 06:00,0.693
2026-04-06 07:00,0.608
2026-04-06 09:00,1.352
2026-04-06 10:00,1.881
2026-04-06 11:00,2.350
2026-04-06 12:00,2.688
2026-04-06 13:00,2.862
2026-04-06 14:00,2.816
2026-04-06 15:00,2.668
2026-04-06 16:00,2.556
2026-04-06 17:00,2.478
2026-04-06 18:00,2.560
2026-04-07 07:00,0.909
2026-04-07 08:00,0.870
2026-04-07 09:00,1.047
2026-04-07 10:00,1.316
2026-04-07 11:00,1.739
2026-04-07 12:00,2.110
2026-04-07 13:00,2.471
2026-04-07 14:00,2.665
2026-04-07 15:00,2.717
2026-04-07 16:00,2.763
2026-04-07 17:00,2.789
2026-04-07 18:00,2.924
2026-04-08 06:00,2.163
2026-04-08 07:00,1.579
2026-04-08 08:00,1.264
2026-04-08 09:00,1.139
2026-04-08 10:00,1.175
2026-04-08 11:00,1.382
2026-04-08 12:00,1.730
2026-04-08 13:00,2.025
2026-04-08 14:00,2.402
2026-04-08 15:00,2.688
2026-04-08 16:00,2.911
2026-04-08 17:00,3.071
2026-04-08 18:00,3.236
2026-04-09 06:00,2.891
2026-04-09 07:00,2.287
2026-04-09 08:00,1.746
2026-04-09 09:00,1.274
2026-04-09 10:00,1.005
2026-04-09 11:00,0.909
2026-04-09 12:00,1.057
2026-04-09 13:00,1.424
2026-04-09 14:00,1.864
2026-04-09 15:00,2.369
2026-04-09 16:00,2.743
2026-04-09 17:00,3.137
2026-04-09 18:00,3.383
2026-04-10 06:00,3.613
2026-04-10 07:00,3.085
2026-04-10 08:00,2.412
2026-04-10 09:00,1.746
2026-04-10 10:00,1.185
2026-04-10 11:00,0.844
2026-04-10 12:00,0.749
2026-04-10 13:00,0.968
2026-04-10 14:00,1.438
2026-04-10 15:00,2.071
2026-04-10 16:00,2.635
2026-04-10 17:00,3.137
2026-04-10 18:00,3.587
2026-04-11 06:00,4.187
2026-04-11 07:00,3.774
2026-04-11 08:00,3.075
2026-04-11 09:00,2.343
2026-04-11 10:00,1.621
2026-04-11 11:00,0.890
2026-04-11 12:00,0.555
2026-04-11 13:00,0.509
2026-04-11 14:00,0.893
2026-04-11 15:00,1.618
2026-04-11 16:00,2.425
2026-04-11 17:00,3.154
2026-04-11 18:00,3.780
2026-04-12 06:00,4.663
2026-04-12 07:00,4.508
2026-04-12 08:00,3.921
2026-04-12 09:00,3.114
2026-04-12 10:00,2.166
2026-04-12 11:00,1.211
2026-04-12 12:00,0.617
2026-04-12 13:00,0.394
2026-04-12 14:00,0.617
2026-04-12 15:00,1.254
2026-04-12 16:00,2.107
2026-04-12 17:00,3.078
2026-04-12 18:00,3.826
2026-04-13 06:00,4.705
2026-04-13 08:00,4.554
2026-04-13 09:00,3.813
2026-04-13 10:00,2.829
2026-04-13 11:00,1.690
2026-04-13 12:00,0.798
2026-04-13 13:00,0.299
2026-04-13 14:00,0.263
2026-04-13 15:00,0.821
2026-04-13 16:00,1.726
2026-04-13 17:00,2.780
2026-04-13 18:00,3.810
2026-04-14 06:00,4.177
2026-04-14 07:00,4.820
2026-04-14 08:00,4.892
2026-04-14 09:00,4.495
2026-04-14 10:00,3.485
2026-04-14 11:00,2.353
2026-04-14 12:00,1.264
2026-04-14 13:00,0.496
2026-04-14 14:00,0.253
2026-04-14 15:00,0.568
2026-04-14 16:00,1.451
2026-04-14 17:00,2.609
2026-04-14 18:00,3.803
2026-04-15 06:00,3.577
2026-04-15 07:00,4.443
2026-04-15 08:00,4.955
2026-04-15 09:00,4.833
2026-04-15 10:00,4.200
2026-04-15 11:00,3.147
2026-04-15 12:00,1.995
2026-04-15 13:00,1.060
2026-04-15 14:00,0.512
2026-04-15 15:00,0.571
2026-04-15 16:00,1.215
2026-04-15 17:00,2.340
2026-04-15 18:00,3.711
2026-04-16 06:00,2.540
2026-04-16 07:00,3.672
2026-04-16 08:00,4.548
2026-04-16 09:00,4.935
2026-04-16 10:00,4.800
2026-04-16 11:00,3.918
2026-04-16 12:00,2.891
2026-04-16 13:00,1.838
2026-04-16 14:00,1.031
2026-04-16 15:00,0.854
2026-04-16 16:00,1.300
2026-04-16 17:00,2.212
2026-04-16 18:00,3.495
2026-04-17 06:00,1.175
2026-04-17 07:00,2.465
2026-04-17 08:00,3.596
2026-04-17 09:00,4.377
2026-04-17 10:00,4.656
2026-04-17 11:00,4.259
2026-04-17 13:00,2.547
2026-04-17 14:00,1.687
2026-04-17 15:00,1.283
2026-04-17 16:00,1.388
2026-04-17 17:00,2.064
2026-04-17 18:00,3.216
2026-04-18 06:00,0.083
2026-04-18 07:00,1.146
2026-04-18 08:00,2.392
2026-04-18 09:00,3.488
2026-04-18 10:00,4.194
2026-04-18 11:00,4.236
2026-04-18 12:00,3.908
2026-04-18 13:00,3.203
2026-04-18 14:00,2.399
2026-04-18 15:00,1.871
2026-04-18 16:00,1.631
2026-04-18 17:00,1.979
2026-04-18 18:00,2.842
2026-04-19 06:00,-0.436
2026-04-19 07:00,0.115
2026-04-19 08:00,1.165
2026-04-19 09:00,2.251
2026-04-19 11:00,3.767
2026-04-19 12:00,3.839
2026-04-19 13:00,3.610
2026-04-19 14:00,3.042
2026-04-19 16:00,2.156
2026-04-19 17:00,2.166
2026-04-19 18:00,2.714
2026-04-20 06:00,-0.511
2026-04-20 07:00,-0.429
2026-04-20 08:00,0.109
2026-04-20 09:00,1.001
2026-04-20 10:00,1.969
2026-04-20 11:00,2.763
2026-04-20 12:00,3.308
2026-04-20 13:00,3.400
2026-04-20 14:00,3.242
2026-04-20 15:00,2.980
2026-04-20 16:00,2.691
2026-04-20 17:00,2.504
2026-04-20 18:00,2.615
2026-04-21 06:00,0.155
2026-04-21 07:00,-0.236
2026-04-21 08:00,-0.291
2026-04-21 09:00,0.158
2026-04-21 10:00,0.818
2026-04-21 11:00,1.585
2026-04-21 12:00,2.343
2026-04-21 13:00,2.881
2026-04-21 14:00,3.124
2026-04-21 15:00,3.203
2026-04-21 16:00,3.094
2026-04-21 17:00,2.921
2026-04-21 18:00,2.809
2026-04-22 06:00,1.205
2026-04-22 07:00,0.391
2026-04-22 08:00,-0.144
2026-04-22 09:00,-0.259
2026-04-22 10:00,-0.045
2026-04-22 11:00,0.483
2026-04-22 12:00,1.244
2026-04-22 13:00,1.926
2026-04-22 14:00,2.560
2026-04-22 15:00,2.989
2026-04-22 16:00,3.275
2026-04-22 17:00,3.268
2026-04-22 18:00,3.144
2026-04-23 06:00,2.625
2026-04-23 07:00,1.628
2026-04-23 08:00,0.798
2026-04-23 09:00,0.155
2026-04-23 10:00,-0.052
2026-04-23 11:00,0.053
2026-04-23 12:00,0.585
2026-04-23 13:00,1.336
2026-04-23 14:00,2.068
2026-04-23 15:00,2.865
2026-04-23 16:00,3.465
2026-04-23 17:00,3.731
2026-04-23 18:00,3.803
2026-04-24 06:00,3.902
2026-04-24 07:00,3.022
2026-04-24 08:00,2.048
2026-04-24 09:00,1.159
2026-04-24 10:00,0.391
2026-04-24 11:00,0.073
2026-04-24 12:00,0.142
2026-04-24 13:00,0.650
2026-04-24 14:00,1.421
2026-04-24 15:00,2.402
2026-04-24 16:00,3.203
2026-04-24 17:00,3.767
2026-04-24 18:00,4.144
2026-04-25 06:00,4.459
2026-04-25 07:00,3.957
2026-04-25 08:00,3.078
2026-04-25 09:00,2.068
2026-04-25 10:00,1.126
2026-04-25 11:00,0.411
2026-04-25 12:00,0.073
2026-04-25 13:00,0.243
2026-04-25 15:00,1.779
2026-04-25 16:00,2.793
2026-04-25 17:00,3.665
2026-04-25 18:00,4.236
2026-04-26 06:00,4.495
2026-04-26 07:00,4.348
2026-04-26 08:00,3.859
2026-04-26 09:00,2.957
2026-04-26 10:00,1.923
2026-04-26 11:00,0.955
2026-04-26 12:00,0.375
2026-04-26 13:00,0.142
2026-04-26 14:00,0.466
2026-04-26 15:00,1.247
2026-04-26 16:00,2.278
2026-04-26 17:00,3.318
2026-04-26 18:00,4.194
2026-04-27 06:00,4.098
2026-04-27 07:00,4.482
2026-04-27 08:00,4.410
2026-04-27 09:00,3.780
2026-04-27 10:00,2.816
2026-04-27 11:00,1.802
2026-04-27 12:00,0.909
2026-04-27 13:00,0.470
2026-04-27 14:00,0.509
2026-04-27 15:00,1.011
2026-04-27 16:00,2.002
2026-04-27 17:00,3.144
2026-04-27 18:00,4.164
2026-04-28 06:00,3.360
2026-04-28 08:00,4.384
2026-04-28 09:00,4.138
2026-04-28 10:00,3.419
2026-04-28 11:00,2.491
2026-04-28 12:00,1.497
2026-04-28 13:00,0.873
2026-04-28 14:00,0.722
2026-04-28 15:00,1.001
2026-04-28 16:00,1.769
2026-04-28 17:00,2.888
2026-04-28 18:00,3.984
2026-04-29 06:00,2.507
2026-04-29 07:00,3.449
2026-04-29 08:00,4.023
2026-04-29 10:00,3.882
2026-04-29 11:00,3.065
2026-04-29 12:00,2.196
2026-04-29 13:00,1.454
2026-04-29 14:00,1.050
2026-04-29 15:00,1.149
2026-04-29 16:00,1.707
2026-04-29 17:00,2.665
2026-04-29 18:00,3.806
2026-04-30 06:00,1.634
2026-04-30 07:00,2.678
2026-04-30 08:00,3.544
2026-04-30 09:00,4.052
2026-04-30 10:00,4.036
2026-04-30 11:00,3.642
2026-04-30 12:00,2.858
2026-04-30 13:00,2.100
2026-04-30 14:00,1.549
2026-04-30 15:00,1.415
2026-04-30 16:00,1.802
2026-04-30 17:00,2.586
2026-04-30 18:00,3.564
2026-05-01 06:00,0.732
2026-05-01 07:00,1.687
2026-05-01 08:00,2.697
2026-05-01 09:00,3.472
2026-05-01 10:00,3.757
2026-05-01 11:00,3.590
2026-05-01 12:00,3.137
2026-05-01 13:00,2.481
2026-05-01 14:00,1.943
2026-05-01 15:00,1.690
2026-05-01 16:00,1.871
2026-05-01 17:00,2.402
2026-05-01 18:00,3.272
2026-05-02 06:00,0.135
2026-05-02 07:00,1.014
2026-05-02 08:00,1.986
2026-05-02 09:00,2.868
2026-05-02 10:00,3.377
2026-05-02 11:00,3.518
2026-05-02 12:00,3.377
2026-05-02 13:00,2.881
2026-05-02 14:00,2.379
2026-05-02 15:00,2.100
2026-05-02 16:00,2.041
2026-05-02 17:00,2.422
2026-05-02 18:00,3.170
2026-05-03 06:00,-0.101
2026-05-03 07:00,0.473
2026-05-03 08:00,1.320
2026-05-03 09:00,2.271
2026-05-03 10:00,2.950
2026-05-03 12:00,3.357
2026-05-03 13:00,3.085
2026-05-03 14:00,2.717
2026-05-03 15:00,2.448
2026-05-03 16:00,2.310
2026-05-03 17:00,2.543
2026-05-03 18:00,2.986
2026-05-04 06:00,-0.222
2026-05-04 07:00,0.106
2026-05-04 08:00,0.696
2026-05-04 09:00,1.510
2026-05-04 10:00,2.255
2026-05-04 11:00,2.835
2026-05-04 12:00,3.078
2026-05-04 13:00,3.009
2026-05-04 14:00,2.839
2026-05-04 15:00,2.602
2026-05-04 16:00,2.415
2026-05-04 17:00,2.504
2026-05-05 06:00,0.115
2026-05-05 08:00,0.398
2026-05-05 09:00,1.034
2026-05-05 10:00,1.720
2026-05-05 11:00,2.287
2026-05-05 12:00,2.707
2026-05-05 13:00,2.888
2026-05-05 14:00,2.914
2026-05-05 15:00,2.819
2026-05-05 16:00,2.619
2026-05-05 17:00,2.596
2026-05-05 18:00,2.740
2026-05-06 06:00,0.549
2026-05-06 07:00,0.234
2026-05-06 08:00,0.339
2026-05-06 09:00,0.657
2026-05-06 10:00,1.149
2026-05-06 11:00,1.769
2026-05-06 12:00,2.251
2026-05-06 13:00,2.615
2026-05-06 14:00,2.789
2026-05-06 15:00,2.862
2026-05-06 16:00,2.796
2026-05-06 17:00,2.802
2026-05-06 18:00,2.819
2026-05-07 06:00,1.188
2026-05-07 07:00,0.706
2026-05-07 08:00,0.486
2026-05-07 09:00,0.539
2026-05-07 10:00,0.834
2026-05-07 11:00,1.316
2026-05-07 12:00,1.766
2026-05-07 13:00,2.294
2026-05-07 14:00,2.638
2026-05-07 15:00,2.973
2026-05-07 16:00,3.068
2026-05-07 17:00,3.101
2026-05-07 18:00,3.121
2026-05-08 06:00,1.936
2026-05-08 07:00,1.283
2026-05-08 08:00,0.781
2026-05-08 09:00,0.558
2026-05-08 10:00,0.676
2026-05-08 11:00,0.916
2026-05-08 12:00,1.333
2026-05-08 13:00,1.848
2026-05-08 14:00,2.366
2026-05-08 15:00,2.914
2026-05-08 16:00,3.147
2026-05-08 17:00,3.311
2026-05-08 18:00,3.301
2026-05-09 06:00,2.714
2026-05-09 07:00,2.018
2026-05-09 08:00,1.395
2026-05-09 09:00,0.854
2026-05-09 11:00,0.650
2026-05-09 12:00,0.972
2026-05-09 13:00,1.461
2026-05-09 14:00,2.146
2026-05-09 15:00,2.793
2026-05-09 17:00,3.573
2026-05-09 18:00,3.652
2026-05-10 06:00,3.475
2026-05-10 07:00,2.888
2026-05-10 08:00,2.215
2026-05-10 09:00,1.438
2026-05-10 10:00,0.900
2026-05-10 11:00,0.644
2026-05-10 12:00,0.696
2026-05-10 13:00,1.129
2026-05-10 14:00,1.779
2026-05-10 15:00,2.560
2026-05-10 16:00,3.203
2026-05-10 17:00,3.718
2026-05-10 18:00,4.003
2026-05-11 06:00,3.902
2026-05-11 08:00,2.845
2026-05-11 10:00,1.339
2026-05-11 11:00,0.831
2026-05-11 12:00,0.683
2026-05-11 13:00,0.916
2026-05-11 14:00,1.510
2026-05-11 15:00,2.320
2026-05-11 16:00,3.216
2026-05-11 17:00,3.970
2026-05-11 18:00,4.407
2026-05-12 06:00,3.941
2026-05-12 08:00,3.498
2026-05-12 09:00,2.753
2026-05-12 10:00,1.904
2026-05-12 11:00,1.096
2026-05-12 12:00,0.736
2026-05-12 13:00,0.758
2026-05-12 14:00,1.205
2026-05-12 15:00,1.999
2026-05-12 16:00,3.022
2026-05-12 17:00,4.049
2026-05-12 18:00,4.738
2026-05-13 06:00,3.662
2026-05-13 08:00,3.944
2026-05-13 09:00,3.406
2026-05-13 10:00,2.563
2026-05-13 11:00,1.736
2026-05-13 12:00,1.149
2026-05-13 13:00,0.863
2026-05-13 14:00,1.096
2026-05-13 15:00,1.792
2026-05-13 16:00,2.812
2026-05-13 17:00,4.043
2026-05-13 18:00,4.938
2026-05-14 06:00,2.970
2026-05-14 07:00,3.708
2026-05-14 08:00,4.007
2026-05-14 09:00,3.888
2026-05-14 10:00,3.285
2026-05-14 11:00,2.481
2026-05-14 12:00,1.746
2026-05-14 13:00,1.251
2026-05-14 14:00,1.165
2026-05-14 15:00,1.680
2026-05-14 16:00,2.599
2026-05-14 17:00,3.862
2026-05-14 18:00,5.050
2026-05-15 06:00,1.828
2026-05-15 07:00,2.957
2026-05-15 08:00,3.734
2026-05-15 09:00,4.059
2026-05-15 10:00,3.826
2026-05-15 11:00,3.252
2026-05-15 12:00,2.438
2026-05-15 13:00,1.808
2026-05-15 14:00,1.510
2026-05-15 15:00,1.733
2026-05-15 16:00,2.428
2026-05-15 17:00,3.537
2026-05-15 18:00,4.791
2026-05-16 06:00,0.647
2026-05-16 07:00,1.838
2026-05-16 08:00,2.983
2026-05-16 09:00,3.718
2026-05-16 10:00,3.970
2026-05-16 11:00,3.777
2026-05-16 12:00,3.180
2026-05-16 13:00,2.471
2026-05-16 14:00,1.995
2026-05-16 15:00,1.864
2026-05-16 16:00,2.258
2026-05-16 17:00,3.124
2026-05-16 18:00,4.341
2026-05-17 06:00,-0.390
2026-05-17 07:00,0.680
2026-05-17 08:00,1.910
2026-05-17 09:00,2.960
2026-05-17 10:00,3.655
2026-05-17 11:00,3.928
2026-05-17 12:00,3.738
2026-05-17 13:00,3.301
2026-05-17 14:00,2.697
2026-05-17 15:00,2.363
2026-05-17 16:00,2.317
2026-05-17 17:00,2.868
2026-05-17 18:00,3.744
2026-05-18 06:00,-1.036
2026-05-18 08:00,0.598
2026-05-18 10:00,2.806
2026-05-18 11:00,3.488
2026-05-18 12:00,3.718
2026-05-18 13:00,3.544
2026-05-18 14:00,3.157
2026-05-18 15:00,2.737
2026-05-18 16:00,2.415
2026-05-18 17:00,2.517
2026-05-18 18:00,3.065
2026-05-19 06:00,-0.971
2026-05-19 08:00,-0.213
2026-05-19 10:00,1.900
2026-05-19 11:00,2.770
2026-05-19 12:00,3.386
2026-05-19 13:00,3.678
2026-05-19 14:00,3.583
2026-05-19 15:00,3.255
2026-05-19 16:00,2.960
2026-05-19 17:00,2.734
2026-05-19 18:00,2.839
2026-05-20 07:00,-0.675
2026-05-20 08:00,-0.534
2026-05-20 10:00,0.929
2026-05-20 11:00,1.884
2026-05-20 12:00,2.835
2026-05-20 13:00,3.488
2026-05-20 14:00,3.760
2026-05-20 15:00,3.783
2026-05-20 16:00,3.541
2026-05-20 17:00,3.239
2026-05-20 18:00,3.039
2026-05-21 06:00,1.018
2026-05-21 08:00,-0.117
2026-05-21 09:00,-0.068
2026-05-21 10:00,0.378
2026-05-21 12:00,2.104
2026-05-21 13:00,2.947
2026-05-21 14:00,3.593
2026-05-21 15:00,3.934
2026-05-21 16:00,3.938
2026-05-21 17:00,3.751
2026-05-21 18:00,3.439
2026-05-22 06:00,2.369
2026-05-22 08:00,0.657
2026-05-22 09:00,0.293
2026-05-22 10:00,0.302
2026-05-22 11:00,0.706
2026-05-22 12:00,1.477
2026-05-22 13:00,2.422
2026-05-22 14:00,3.272
2026-05-22 15:00,3.967
2026-05-22 16:00,4.266
2026-05-22 17:00,4.325
2026-05-22 18:00,4.072
2026-05-23 06:00,3.439
2026-05-23 07:00,2.586
2026-05-23 08:00,1.654
2026-05-23 09:00,0.939
2026-05-23 10:00,0.581
2026-05-23 11:00,0.617
2026-05-23 12:00,1.054
2026-05-23 13:00,1.812
2026-05-23 14:00,2.734
2026-05-23 15:00,3.606
2026-05-23 16:00,4.220
2026-05-23 17:00,4.554
2026-05-23 18:00,4.466
2026-05-24 06:00,3.944
2026-05-24 07:00,3.324
2026-05-24 08:00,2.583
2026-05-24 09:00,1.782
2026-05-24 10:00,1.110
2026-05-24 11:00,0.850
2026-05-24 12:00,0.985
2026-05-24 13:00,1.421
2026-05-24 14:00,2.255
2026-05-24 15:00,3.213
2026-05-24 16:00,4.112
2026-05-24 17:00,4.696
2026-05-24 18:00,4.905
2026-05-25 06:00,4.000
2026-05-25 08:00,3.314
2026-05-25 09:00,2.629
2026-05-25 10:00,1.917
2026-05-25 11:00,1.421
2026-05-25 12:00,1.280
2026-05-25 13:00,1.533
2026-05-25 14:00,2.077
2026-05-25 15:00,2.993
2026-05-25 16:00,3.951
2026-05-25 17:00,4.722
2026-05-25 18:00,5.217
2026-05-26 06:00,3.744
2026-05-26 08:00,3.797
2026-05-26 10:00,2.730
2026-05-26 11:00,2.176
2026-05-26 12:00,1.792
2026-05-26 13:00,1.795
2026-05-26 14:00,2.127
2026-05-26 15:00,2.858
2026-05-26 16:00,3.800
2026-05-26 17:00,4.646
2026-05-26 18:00,5.398
2026-05-27 06:00,3.242
2026-05-27 08:00,3.934
2026-05-27 10:00,3.295
2026-05-27 11:00,2.750
2026-05-27 12:00,2.238
2026-05-27 13:00,2.058
2026-05-27 14:00,2.169
2026-05-27 15:00,2.606
2026-05-27 16:00,3.468
2026-05-27 17:00,4.456
2026-05-27 18:00,5.247
2026-05-28 06:00,2.465
2026-05-28 08:00,3.744
2026-05-28 10:00,3.583
2026-05-28 11:00,3.167
2026-05-28 12:00,2.606
2026-05-28 13:00,2.330
2026-05-28 14:00,2.274
2026-05-28 15:00,2.579
2026-05-28 16:00,3.252
2026-05-28 17:00,4.134
2026-05-28 18:00,5.007
2026-05-29 06:00,1.671
2026-05-29 08:00,3.308
2026-05-29 10:00,3.731
2026-05-29 11:00,3.423
2026-05-29 12:00,2.950
2026-05-29 13:00,2.579
2026-05-29 15:00,2.517
2026-05-29 16:00,3.006
2026-05-29 17:00,3.770
2026-05-29 18:00,4.659
2026-05-30 06:00,0.946
2026-05-30 07:00,1.900
2026-05-30 08:00,2.773
2026-05-30 09:00,3.403
2026-05-30 10:00,3.665
2026-05-30 11:00,3.577
2026-05-30 12:00,3.236
2026-05-30 13:00,2.806
2026-05-30 15:00,2.609
2026-05-30 16:00,2.914
2026-05-30 17:00,3.550
2026-05-30 18:00,4.351
2026-05-31 06:00,0.421
2026-05-31 07:00,1.277
2026-05-31 08:00,2.199
2026-05-31 09:00,3.009
2026-05-31 10:00,3.508
2026-05-31 11:00,3.642
2026-05-31 12:00,3.495
2026-05-31 13:00,3.160
2026-05-31 14:00,2.907
2026-05-31 15:00,2.763
2026-05-31 16:00,2.878
2026-05-31 17:00,3.386
2026-05-31 18:00,4.125
2026-06-01 08:00,1.602
2026-06-01 11:00,3.534
2026-06-01 13:00,3.321
2026-06-01 15:00,2.737
2026-06-01 16:00,2.727
2026-06-01 17:00,3.042
2026-06-01 18:00,3.596
2026-06-02 06:00,-0.117
2026-06-02 08:00,1.008
2026-06-02 10:00,2.674
2026-06-02 12:00,3.367
2026-06-02 14:00,3.071
2026-06-02 15:00,2.888
2026-06-02 16:00,2.796
2026-06-02 17:00,2.852
2026-06-02 19:00,3.875
2026-06-03 06:00,0.020
2026-06-03 08:00,0.722
2026-06-03 10:00,2.222
2026-06-03 12:00,3.265
2026-06-03 15:00,3.124
2026-06-03 16:00,2.907
2026-06-03 17:00,2.917
2026-06-03 19:00,3.596
2026-06-04 06:00,0.450
2026-06-04 08:00,0.634
2026-06-04 10:00,1.808
2026-06-04 11:00,2.507
2026-06-04 12:00,3.101
2026-06-04 13:00,3.478
2026-06-04 14:00,3.557
2026-06-04 15:00,3.446
2026-06-04 16:00,3.278
2026-06-04 17:00,3.144
2026-06-04 18:00,3.098
2026-06-05 06:00,1.028
2026-06-05 08:00,0.634
2026-06-05 09:00,0.867
2026-06-05 10:00,1.507
2026-06-05 11:00,2.196
2026-06-05 12:00,2.858
2026-06-05 13:00,3.363
2026-06-05 14:00,3.626
2026-06-05 15:00,3.715
2026-06-05 16:00,3.606
2026-06-05 17:00,3.432
2026-06-05 18:00,3.314
2026-06-06 06:00,1.785
2026-06-06 07:00,1.152
2026-06-06 08:00,0.909
2026-06-06 09:00,0.965
2026-06-06 10:00,1.346
2026-06-06 11:00,1.933
2026-06-06 12:00,2.563
2026-06-06 13:00,3.213
2026-06-06 14:00,3.708
2026-06-06 15:00,3.993
2026-06-06 16:00,4.033
2026-06-06 17:00,3.865
2026-06-06 18:00,3.564
2026-06-07 06:00,2.533
2026-06-07 07:00,1.861
2026-06-07 08:00,1.365
2026-06-07 09:00,1.224
2026-06-07 10:00,1.270
2026-06-07 11:00,1.707
2026-06-07 12:00,2.304
2026-06-07 13:00,2.996
2026-06-07 14:00,3.606
2026-06-07 15:00,4.121
2026-06-07 16:00,4.325
2026-06-07 17:00,4.295
2026-06-07 18:00,4.030
2026-06-08 06:00,3.065
2026-06-08 08:00,1.812
2026-06-08 11:00,1.513
2026-06-08 12:00,2.028
2026-06-08 13:00,2.724
2026-06-08 14:00,3.495
2026-06-08 15:00,4.151
2026-06-08 16:00,4.548
2026-06-08 17:00,4.712
2026-06-08 18:00,4.581
2026-06-09 06:00,3.580
2026-06-09 09:00,2.100
2026-06-09 10:00,1.690
2026-06-09 11:00,1.618
2026-06-09 12:00,1.920
2026-06-09 13:00,2.510
2026-06-09 14:00,3.324
2026-06-09 15:00,4.125
2026-06-09 16:00,4.840
2026-06-09 17:00,5.263
2026-06-09 18:00,5.217
2026-06-10 06:00,3.951
2026-06-10 08:00,3.318
2026-06-10 11:00,2.008
2026-06-10 12:00,2.015
2026-06-10 13:00,2.488
2026-06-10 14:00,3.206
2026-06-10 15:00,4.134
2026-06-10 16:00,5.073
2026-06-10 17:00,5.719
2026-06-10 18:00,6.018
2026-06-11 06:00,3.705
2026-06-11 08:00,3.941
2026-06-11 10:00,2.947
2026-06-11 12:00,2.307
2026-06-11 13:00,2.425
2026-06-11 14:00,2.993
2026-06-11 15:00,3.852
2026-06-11 16:00,4.860
2026-06-11 18:00,6.438
2026-06-12 06:00,3.022
2026-06-12 08:00,4.026
2026-06-12 10:00,3.449
2026-06-12 11:00,2.993
2026-06-12 12:00,2.576
2026-06-12 13:00,2.435
2026-06-12 14:00,2.711
2026-06-12 15:00,3.465
2026-06-12 16:00,4.390
2026-06-12 17:00,5.480
2026-06-12 18:00,6.385
2026-06-13 06:00,1.867
2026-06-13 07:00,2.917
2026-06-13 08:00,3.629
2026-06-13 09:00,3.997
2026-06-13 10:00,3.892
2026-06-13 11:00,3.511
2026-06-13 12:00,2.924
2026-06-13 13:00,2.573
2026-06-13 14:00,2.530
2026-06-13 15:00,2.875
2026-06-13 16:00,3.665
2026-06-13 17:00,4.732
2026-06-13 18:00,5.873
2026-06-14 06:00,0.562
2026-06-14 07:00,1.720
2026-06-14 08:00,2.875
2026-06-14 09:00,3.708
2026-06-14 10:00,3.987
2026-06-14 11:00,3.892
2026-06-14 12:00,3.478
2026-06-14 13:00,2.947
2026-06-14 16:00,3.078
2026-06-14 17:00,3.951
2026-06-14 18:00,5.086
2026-06-15 07:00,0.591
2026-06-15 09:00,2.989
2026-06-15 11:00,3.990
2026-06-15 13:00,3.360
2026-06-15 15:00,2.547
2026-06-15 16:00,2.556
2026-06-15 18:00,4.095
2026-06-16 07:00,-0.419
2026-06-16 09:00,2.107
2026-06-16 11:00,3.813
2026-06-16 13:00,3.797
2026-06-16 14:00,3.262
2026-06-16 15:00,2.802
2026-06-16 16:00,2.510
2026-06-16 17:00,2.632
2026-06-16 18:00,3.226
2026-06-17 06:00,-1.072
2026-06-17 08:00,-0.081
2026-06-17 10:00,2.320
2026-06-17 11:00,3.295
2026-06-17 12:00,3.895
2026-06-17 13:00,4.026
2026-06-17 14:00,3.721
2026-06-17 15:00,3.216
2026-06-17 16:00,2.793
2026-06-17 17:00,2.435
2026-06-17 18:00,2.540
2026-06-18 06:00,-0.462
2026-06-18 08:00,-0.426
2026-06-18 10:00,1.503
2026-06-18 11:00,2.661
2026-06-18 12:00,3.557
2026-06-18 13:00,4.066
2026-06-18 14:00,4.089
2026-06-18 15:00,3.790
2026-06-18 16:00,3.344
2026-06-18 17:00,2.858
2026-06-18 19:00,2.550
2026-06-19 09:00,0.171
2026-06-19 10:00,0.903
2026-06-19 11:00,1.989
2026-06-19 12:00,3.006
2026-06-19 13:00,3.875
2026-06-19 14:00,4.272
2026-06-19 15:00,4.315
2026-06-19 16:00,3.951
2026-06-19 17:00,3.426
2026-06-19 18:00,2.937
2026-06-20 06:00,1.595
2026-06-20 07:00,0.736
2026-06-20 08:00,0.299
2026-06-20 09:00,0.322
2026-06-20 11:00,1.549
2026-06-20 12:00,2.530
2026-06-20 13:00,3.423
2026-06-20 14:00,4.105
2026-06-20 15:00,4.446
2026-06-20 17:00,4.144
2026-06-20 18:00,3.518
2026-06-21 06:00,2.533
2026-06-21 07:00,1.739
2026-06-21 09:00,0.896
2026-06-21 10:00,1.018
2026-06-21 11:00,1.461
2026-06-21 12:00,2.130
2026-06-21 13:00,3.062
2026-06-21 14:00,3.895
2026-06-21 15:00,4.499
2026-06-21 16:00,4.758
2026-06-21 17:00,4.627
2026-06-21 18:00,4.262
2026-06-22 06:00,3.062
2026-06-22 08:00,2.054
2026-06-22 10:00,1.480
2026-06-22 14:00,3.488
2026-06-22 15:00,4.305
2026-06-22 16:00,4.823
2026-06-22 17:00,4.984
2026-06-22 18:00,4.810
2026-06-23 06:00,3.236
2026-06-23 08:00,2.743
2026-06-23 09:00,2.235
2026-06-23 10:00,1.940
2026-06-23 11:00,1.874
2026-06-23 14:00,3.213
2026-06-23 15:00,4.036
2026-06-23 16:00,4.735
2026-06-23 17:00,5.125
2026-06-23 18:00,5.201
2026-06-24 06:00,3.144
2026-06-24 08:00,3.199
2026-06-24 09:00,2.944
2026-06-24 10:00,2.668
2026-06-24 11:00,2.435
2026-06-24 12:00,2.337
2026-06-24 14:00,2.996
2026-06-24 15:00,3.731
2026-06-24 16:00,4.433
2026-06-24 17:00,5.040
2026-06-24 18:00,5.375
2026-06-25 06:00,2.737
2026-06-25 08:00,3.482
2026-06-25 09:00,3.400
2026-06-25 10:00,3.055
2026-06-25 12:00,2.674
2026-06-25 13:00,2.724
2026-06-25 14:00,2.973
2026-06-25 16:00,4.138
2026-06-25 17:00,4.863
2026-06-25 18:00,5.352
2026-06-26 06:00,2.333
2026-06-26 07:00,3.016
2026-06-26 08:00,3.491
2026-06-26 09:00,3.623
2026-06-26 11:00,3.196
2026-06-26 12:00,2.904
2026-06-26 13:00,2.793
2026-06-26 14:00,2.855
2026-06-26 15:00,3.216
2026-06-26 16:00,3.800
2026-06-26 17:00,4.587
2026-06-26 18:00,5.260
2026-06-27 06:00,1.634
2026-06-27 07:00,2.494
2026-06-27 08:00,3.170
2026-06-27 09:00,3.550
2026-06-27 10:00,3.603
2026-06-27 11:00,3.442
2026-06-27 12:00,3.186
2026-06-27 13:00,2.802
2026-06-27 14:00,2.760
2026-06-27 15:00,3.009
2026-06-27 16:00,3.495
2026-06-27 17:00,4.220
2026-06-27 18:00,5.017
2026-06-28 06:00,0.975
2026-06-28 07:00,1.904
2026-06-28 08:00,2.714
2026-06-28 09:00,3.380
2026-06-28 10:00,3.655
2026-06-28 11:00,3.610
2026-06-28 12:00,3.393
2026-06-28 13:00,3.032
2026-06-28 14:00,2.776
2026-06-28 15:00,2.855
2026-06-28 16:00,3.206
2026-06-28 17:00,3.895
2026-06-28 18:00,4.738
2026-06-29 06:00,0.640
2026-06-29 08:00,2.402
2026-06-29 10:00,3.678
2026-06-29 11:00,3.747
2026-06-29 12:00,3.636
2026-06-29 13:00,3.295
2026-06-29 14:00,2.970
2026-06-29 15:00,2.881
2026-06-29 16:00,3.045
2026-06-29 17:00,3.570
2026-06-29 18:00,4.325
2026-06-30 06:00,0.299
2026-06-30 07:00,1.060
2026-06-30 08:00,1.986
2026-06-30 09:00,2.852
2026-06-30 11:00,3.833
2026-06-30 12:00,3.718
2026-06-30 13:00,3.423
2026-06-30 14:00,3.088
2026-06-30 15:00,2.832
2026-06-30 16:00,2.822
2026-06-30 17:00,3.157
2026-06-30 18:00,3.846
2026-07-01 06:00,0.096
2026-07-01 09:00,2.481
2026-07-01 10:00,3.245
2026-07-01 11:00,3.724
2026-07-01 12:00,3.892
2026-07-01 13:00,3.711
2026-07-01 14:00,3.275
2026-07-01 15:00,2.966
2026-07-01 16:00,2.770
2026-07-01 17:00,2.901
2026-07-01 18:00,3.396
2026-07-02 08:00,1.198
2026-07-02 10:00,2.937
2026-07-02 12:00,3.957
2026-07-02 14:00,3.590
2026-07-02 16:00,2.904
2026-07-02 19:00,3.665
2026-07-03 08:00,0.886
2026-07-03 10:00,2.570
2026-07-03 12:00,3.810
2026-07-03 14:00,3.842
2026-07-03 17:00,2.848
2026-07-04 07:00,0.532
2026-07-04 10:00,2.304
2026-07-04 12:00,3.774
2026-07-04 13:00,4.190
2026-07-04 14:00,4.154
2026-07-04 15:00,3.862
2026-07-04 17:00,2.993
2026-07-05 07:00,0.818
2026-07-05 09:00,1.303
2026-07-05 11:00,2.793
2026-07-05 13:00,4.095
2026-07-05 15:00,4.308
2026-07-05 19:00,2.763
2026-07-06 09:00,1.359
2026-07-06 11:00,2.543
2026-07-06 13:00,4.046
2026-07-06 17:00,4.105
2026-07-07 07:00,1.992
2026-07-07 10:00,1.858
2026-07-07 12:00,3.068
2026-07-07 14:00,4.528
2026-07-07 16:00,5.083
2026-07-07 17:00,4.778
2026-07-08 08:00,2.314
2026-07-08 10:00,2.140
2026-07-08 12:00,2.878
2026-07-08 14:00,4.426
2026-07-08 16:00,5.381
2026-07-08 19:00,4.381
2026-07-09 06:00,3.295
2026-07-09 09:00,2.865
2026-07-09 11:00,2.560
2026-07-09 13:00,3.370
2026-07-09 15:00,4.876
2026-07-09 17:00,5.965
2026-07-10 07:00,3.564
2026-07-10 09:00,3.363
2026-07-10 11:00,2.881
2026-07-10 13:00,3.078
2026-07-10 15:00,4.361
2026-07-10 16:00,5.332
2026-07-10 19:00,6.405
2026-07-11 06:00,2.704
2026-07-11 07:00,3.373
2026-07-11 08:00,3.754
2026-07-11 09:00,3.760
2026-07-11 10:00,3.462
2026-07-11 12:00,2.921
2026-07-11 13:00,2.865
2026-07-11 14:00,3.180
2026-07-11 15:00,3.846
2026-07-11 16:00,4.807
2026-07-11 19:00,6.933
2026-07-12 06:00,1.825
2026-07-12 10:00,4.033
2026-07-12 12:00,3.262
2026-07-12 13:00,2.937
2026-07-12 15:00,3.242
2026-07-12 16:00,4.030
2026-07-12 19:00,7.153
2026-07-13 06:00,0.824
2026-07-13 09:00,4.095
2026-07-13 11:00,4.239
2026-07-13 13:00,3.176
2026-07-13 14:00,2.714
2026-07-13 15:00,2.753
2026-07-13 16:00,3.245
2026-07-13 19:00,6.562
2026-07-14 07:00,1.093
2026-07-14 09:00,3.613
2026-07-14 11:00,4.541
2026-07-14 13:00,3.567
2026-07-14 15:00,2.517
2026-07-14 16:00,2.556
2026-07-14 19:00,5.411
2026-07-15 09:00,3.196
2026-07-15 11:00,4.800
2026-07-15 13:00,4.325
2026-07-15 14:00,3.573
2026-07-15 17:00,2.547
2026-07-16 07:00,0.040
2026-07-16 09:00,2.442
2026-07-16 11:00,4.617
2026-07-16 15:00,3.409
2026-07-16 16:00,2.730
2026-07-16 19:00,3.190
2026-07-17 07:00,0.063
2026-07-17 09:00,1.897
2026-07-17 11:00,4.226
2026-07-17 13:00,5.086
2026-07-17 14:00,4.738
2026-07-17 15:00,4.072
2026-07-17 16:00,3.301
2026-07-17 19:00,2.425
2026-07-18 06:00,0.709
2026-07-18 07:00,0.437
2026-07-18 08:00,0.765
2026-07-18 09:00,1.595
2026-07-18 10:00,2.602
2026-07-18 12:00,4.640
2026-07-18 13:00,5.125
2026-07-18 14:00,5.188
2026-07-18 15:00,4.764
2026-07-18 16:00,4.079
2026-07-18 19:00,2.327
2026-07-19 06:00,1.625
2026-07-19 07:00,1.205
2026-07-19 08:00,1.224
2026-07-19 09:00,1.736
2026-07-19 10:00,2.442
2026-07-19 12:00,4.253
2026-07-19 13:00,5.004
2026-07-19 14:00,5.289
2026-07-19 15:00,5.171
2026-07-19 16:00,4.696
2026-07-19 19:00,2.773
2026-07-20 08:00,1.864
2026-07-20 11:00,3.173
2026-07-20 12:00,3.898
2026-07-20 14:00,5.086
2026-07-20 15:00,5.266
2026-07-21 06:00,2.950
2026-07-21 08:00,2.455
2026-07-21 10:00,2.556
2026-07-21 12:00,3.485
2026-07-21 14:00,4.715
2026-07-21 15:00,5.089
2026-07-21 16:00,5.214
2026-07-21 19:00,3.947
2026-07-22 06:00,3.104
2026-07-22 08:00,2.852
2026-07-22 10:00,2.789
2026-07-22 12:00,3.255
2026-07-22 14:00,4.249
2026-07-22 16:00,5.174
2026-07-22 17:00,5.322
2026-07-23 08:00,3.419
2026-07-23 10:00,3.071
2026-07-23 12:00,3.219
2026-07-23 14:00,3.941
2026-07-23 15:00,4.518
2026-07-23 16:00,5.066
2026-07-23 19:00,5.306
2026-07-24 06:00,2.884
2026-07-24 08:00,3.606
2026-07-24 10:00,3.518
2026-07-24 12:00,3.154
2026-07-24 14:00,3.652
2026-07-24 15:00,4.134
2026-07-24 17:00,5.306
2026-07-25 06:00,2.553
2026-07-25 08:00,3.665
2026-07-25 09:00,3.783
2026-07-25 10:00,3.688
2026-07-25 12:00,3.226
2026-07-25 13:00,3.124
2026-07-25 14:00,3.301
2026-07-25 15:00,3.669
2026-07-25 16:00,4.256
2026-07-26 06:00,2.028
2026-07-26 08:00,3.485
2026-07-26 09:00,3.810
2026-07-26 11:00,3.583
2026-07-26 13:00,3.003
2026-07-26 14:00,3.006
2026-07-26 17:00,4.551
2026-07-27 08:00,3.357
2026-07-27 10:00,4.030
2026-07-27 12:00,3.344
2026-07-27 14:00,2.789
2026-07-27 15:00,2.871
2026-07-27 17:00,4.148
2026-07-28 07:00,2.012
2026-07-28 09:00,3.741
2026-07-28 11:00,4.016
2026-07-28 13:00,3.154
2026-07-28 15:00,2.730
2026-07-28 16:00,3.019
2026-07-28 19:00,5.473
2026-07-29 07:00,1.602
2026-07-29 09:00,3.626
2026-07-29 11:00,4.226
2026-07-29 13:00,3.403
2026-07-29 14:00,2.950
2026-07-29 16:00,2.665
2026-07-29 19:00,4.869
2026-07-30 06:00,0.496
2026-07-30 08:00,2.451
2026-07-30 10:00,4.128
2026-07-30 12:00,4.144
2026-07-30 14:00,3.075
2026-07-30 16:00,2.363
2026-07-30 19:00,4.138
2026-07-31 07:00,1.067
2026-07-31 09:00,3.167
2026-07-31 11:00,4.489
2026-07-31 13:00,4.072
2026-07-31 15:00,2.773
2026-07-31 17:00,2.300
2026-08-03 15:00,4.571
2026-08-03 17:00,3.088
2026-08-04 06:00,2.008
2026-08-04 08:00,2.028
2026-08-04 10:00,3.281
2026-08-04 12:00,4.807
2026-08-04 16:00,4.463
2026-08-04 19:00,2.428
2026-08-05 07:00,2.465
2026-08-05 09:00,2.612
2026-08-05 11:00,3.767
2026-08-05 13:00,5.083
2026-08-05 15:00,5.529
2026-08-05 16:00,5.230
2026-08-05 19:00,3.055
2026-08-06 07:00,3.003
2026-08-06 17:00,5.427
2026-08-07 07:00,3.413
2026-08-07 08:00,3.357
2026-08-07 10:00,3.196
2026-08-07 11:00,3.252
2026-08-07 12:00,3.550
2026-08-07 13:00,4.020
2026-08-07 14:00,4.633
2026-08-07 15:00,5.362
2026-08-07 16:00,5.814
2026-08-07 18:00,5.739
2026-08-08 06:00,3.291
2026-08-08 07:00,3.596
2026-08-08 08:00,3.774
2026-08-08 09:00,3.675
2026-08-08 10:00,3.488
2026-08-08 11:00,3.288
2026-08-08 12:00,3.295
2026-08-08 13:00,3.570
2026-08-08 14:00,4.085
2026-08-08 15:00,4.787
2026-08-08 16:00,5.549
2026-08-08 18:00,6.447
2026-08-09 06:00,2.904
2026-08-09 07:00,3.665
2026-08-09 08:00,4.003
